date_from,date_to,country_code,destination_country,count
2021-12-20,2021-12-26,84,USA,29218
2021-12-20,2021-12-26,95,CAN,3402
2021-12-20,2021-12-26,96,DEU,37878
2021-12-20,2021-12-26,102,GBR,9539
2021-12-20,2021-12-26,113,AUT,3103
2021-12-20,2021-12-26,114,BEL,2317
2021-12-20,2021-12-26,115,BGR,6196
2021-12-20,2021-12-26,116,HUN,4806
2021-12-20,2021-12-26,117,LTU,6672
2021-12-20,2021-12-26,118,NLD,9315
2021-12-20,2021-12-26,119,NOR,2652
2021-12-20,2021-12-26,120,POL,19148
2021-12-20,2021-12-26,121,SVK,1359
2021-12-20,2021-12-26,122,SVN,806
2021-12-20,2021-12-26,123,FIN,14696
2021-12-20,2021-12-26,124,FRA,11962
2021-12-20,2021-12-26,125,CZE,8181
2021-12-20,2021-12-26,126,CHE,2663
2021-12-20,2021-12-26,127,SWE,9234
2021-12-20,2021-12-26,159,KAZ,647542
2021-12-20,2021-12-26,167,AZE,17072
2021-12-20,2021-12-26,168,ARM,20908
2021-12-20,2021-12-26,169,GEO,15177
2021-12-20,2021-12-26,171,UZB,71581
2021-12-20,2021-12-26,179,EST,7700
2021-12-20,2021-12-26,180,SRB,3941
2021-12-20,2021-12-26,181,ISR,13548
2021-12-20,2021-12-26,204,ESP,12622
2021-12-20,2021-12-26,205,ITA,9396
2021-12-20,2021-12-26,206,LVA,9162
2021-12-20,2021-12-26,207,KGZ,69895
2021-12-20,2021-12-26,209,TJK,55174
2021-12-20,2021-12-26,210,ARE,13254
2021-12-20,2021-12-26,211,AUS,985
2021-12-20,2021-12-26,246,GRC,3822
2021-12-20,2021-12-26,983,TUR,36531
2021-12-20,2021-12-26,994,IND,27505
2021-12-20,2021-12-26,995,THA,17086
2021-12-20,2021-12-26,1056,EGY,19557
2021-12-20,2021-12-26,10074,PRT,1658
2021-12-20,2021-12-26,10077,ROU,2132
2021-12-20,2021-12-26,10083,HRV,1353
2021-12-20,2021-12-26,20574,CYP,5655
2021-12-20,2021-12-26,21610,MNE,2317
2021-12-27,2022-01-02,84,USA,24771
2021-12-27,2022-01-02,95,CAN,3104
2021-12-27,2022-01-02,96,DEU,34939
2021-12-27,2022-01-02,102,GBR,7920
2021-12-27,2022-01-02,113,AUT,3362
2021-12-27,2022-01-02,114,BEL,2591
2021-12-27,2022-01-02,115,BGR,7626
2021-12-27,2022-01-02,116,HUN,7585
2021-12-27,2022-01-02,117,LTU,6796
2021-12-27,2022-01-02,118,NLD,8302
2021-12-27,2022-01-02,119,NOR,2146
2021-12-27,2022-01-02,120,POL,19060
2021-12-27,2022-01-02,121,SVK,1926
2021-12-27,2022-01-02,122,SVN,1258
2021-12-27,2022-01-02,123,FIN,12453
2021-12-27,2022-01-02,124,FRA,10361
2021-12-27,2022-01-02,125,CZE,8592
2021-12-27,2022-01-02,126,CHE,2456
2021-12-27,2022-01-02,127,SWE,7734
2021-12-27,2022-01-02,159,KAZ,484206
2021-12-27,2022-01-02,167,AZE,15591
2021-12-27,2022-01-02,168,ARM,19184
2021-12-27,2022-01-02,169,GEO,14790
2021-12-27,2022-01-02,171,UZB,57705
2021-12-27,2022-01-02,179,EST,8124
2021-12-27,2022-01-02,180,SRB,8336
2021-12-27,2022-01-02,181,ISR,11923
2021-12-27,2022-01-02,204,ESP,13224
2021-12-27,2022-01-02,205,ITA,8029
2021-12-27,2022-01-02,206,LVA,9743
2021-12-27,2022-01-02,207,KGZ,60217
2021-12-27,2022-01-02,209,TJK,53982
2021-12-27,2022-01-02,210,ARE,17816
2021-12-27,2022-01-02,211,AUS,1822
2021-12-27,2022-01-02,246,GRC,6107
2021-12-27,2022-01-02,983,TUR,52210
2021-12-27,2022-01-02,994,IND,6339
2021-12-27,2022-01-02,995,THA,20259
2021-12-27,2022-01-02,1056,EGY,20896
2021-12-27,2022-01-02,10074,PRT,1511
2021-12-27,2022-01-02,10077,ROU,4282
2021-12-27,2022-01-02,10083,HRV,2504
2021-12-27,2022-01-02,20574,CYP,5871
2021-12-27,2022-01-02,21610,MNE,2755
2022-01-03,2022-01-09,84,USA,25946
2022-01-03,2022-01-09,95,CAN,3117
2022-01-03,2022-01-09,96,DEU,39232
2022-01-03,2022-01-09,102,GBR,8104
2022-01-03,2022-01-09,113,AUT,3886
2022-01-03,2022-01-09,114,BEL,2802
2022-01-03,2022-01-09,115,BGR,10525
2022-01-03,2022-01-09,116,HUN,9760
2022-01-03,2022-01-09,117,LTU,9067
2022-01-03,2022-01-09,118,NLD,8369
2022-01-03,2022-01-09,119,NOR,2601
2022-01-03,2022-01-09,120,POL,24196
2022-01-03,2022-01-09,121,SVK,1875
2022-01-03,2022-01-09,122,SVN,2037
2022-01-03,2022-01-09,123,FIN,13633
2022-01-03,2022-01-09,124,FRA,11794
2022-01-03,2022-01-09,125,CZE,9625
2022-01-03,2022-01-09,126,CHE,2849
2022-01-03,2022-01-09,127,SWE,9198
2022-01-03,2022-01-09,159,KAZ,228913
2022-01-03,2022-01-09,167,AZE,19058
2022-01-03,2022-01-09,168,ARM,28080
2022-01-03,2022-01-09,169,GEO,20074
2022-01-03,2022-01-09,171,UZB,79777
2022-01-03,2022-01-09,179,EST,10081
2022-01-03,2022-01-09,180,SRB,12177
2022-01-03,2022-01-09,181,ISR,15056
2022-01-03,2022-01-09,204,ESP,16735
2022-01-03,2022-01-09,205,ITA,10082
2022-01-03,2022-01-09,206,LVA,11405
2022-01-03,2022-01-09,207,KGZ,69683
2022-01-03,2022-01-09,209,TJK,64685
2022-01-03,2022-01-09,210,ARE,24613
2022-01-03,2022-01-09,211,AUS,2292
2022-01-03,2022-01-09,246,GRC,8393
2022-01-03,2022-01-09,983,TUR,74482
2022-01-03,2022-01-09,994,IND,5177
2022-01-03,2022-01-09,995,THA,27183
2022-01-03,2022-01-09,1056,EGY,28714
2022-01-03,2022-01-09,10074,PRT,1860
2022-01-03,2022-01-09,10077,ROU,5776
2022-01-03,2022-01-09,10083,HRV,3170
2022-01-03,2022-01-09,20574,CYP,6278
2022-01-03,2022-01-09,21610,MNE,3730
2022-01-10,2022-01-16,84,USA,27980
2022-01-10,2022-01-16,95,CAN,3649
2022-01-10,2022-01-16,96,DEU,42267
2022-01-10,2022-01-16,102,GBR,9649
2022-01-10,2022-01-16,113,AUT,3772
2022-01-10,2022-01-16,114,BEL,2723
2022-01-10,2022-01-16,115,BGR,9564
2022-01-10,2022-01-16,116,HUN,7156
2022-01-10,2022-01-16,117,LTU,8173
2022-01-10,2022-01-16,118,NLD,9438
2022-01-10,2022-01-16,119,NOR,2738
2022-01-10,2022-01-16,120,POL,23645
2022-01-10,2022-01-16,121,SVK,2089
2022-01-10,2022-01-16,122,SVN,1788
2022-01-10,2022-01-16,123,FIN,13874
2022-01-10,2022-01-16,124,FRA,12035
2022-01-10,2022-01-16,125,CZE,10272
2022-01-10,2022-01-16,126,CHE,2770
2022-01-10,2022-01-16,127,SWE,9701
2022-01-10,2022-01-16,159,KAZ,555332
2022-01-10,2022-01-16,167,AZE,18595
2022-01-10,2022-01-16,168,ARM,27333
2022-01-10,2022-01-16,169,GEO,17959
2022-01-10,2022-01-16,171,UZB,79650
2022-01-10,2022-01-16,179,EST,9007
2022-01-10,2022-01-16,180,SRB,11189
2022-01-10,2022-01-16,181,ISR,15086
2022-01-10,2022-01-16,204,ESP,15980
2022-01-10,2022-01-16,205,ITA,9327
2022-01-10,2022-01-16,206,LVA,11559
2022-01-10,2022-01-16,207,KGZ,70613
2022-01-10,2022-01-16,209,TJK,75024
2022-01-10,2022-01-16,210,ARE,19101
2022-01-10,2022-01-16,211,AUS,2010
2022-01-10,2022-01-16,246,GRC,6949
2022-01-10,2022-01-16,983,TUR,58807
2022-01-10,2022-01-16,994,IND,5730
2022-01-10,2022-01-16,995,THA,26968
2022-01-10,2022-01-16,1056,EGY,22517
2022-01-10,2022-01-16,10074,PRT,1720
2022-01-10,2022-01-16,10077,ROU,5375
2022-01-10,2022-01-16,10083,HRV,2351
2022-01-10,2022-01-16,20574,CYP,5542
2022-01-10,2022-01-16,21610,MNE,3035
2022-01-17,2022-01-23,84,USA,27485
2022-01-17,2022-01-23,95,CAN,5376
2022-01-17,2022-01-23,96,DEU,41527
2022-01-17,2022-01-23,102,GBR,10142
2022-01-17,2022-01-23,113,AUT,3889
2022-01-17,2022-01-23,114,BEL,2788
2022-01-17,2022-01-23,115,BGR,8325
2022-01-17,2022-01-23,116,HUN,6616
2022-01-17,2022-01-23,117,LTU,8389
2022-01-17,2022-01-23,118,NLD,9758
2022-01-17,2022-01-23,119,NOR,3969
2022-01-17,2022-01-23,120,POL,22325
2022-01-17,2022-01-23,121,SVK,2174
2022-01-17,2022-01-23,122,SVN,1584
2022-01-17,2022-01-23,123,FIN,14584
2022-01-17,2022-01-23,124,FRA,11942
2022-01-17,2022-01-23,125,CZE,10445
2022-01-17,2022-01-23,126,CHE,2574
2022-01-17,2022-01-23,127,SWE,10198
2022-01-17,2022-01-23,159,KAZ,667157
2022-01-17,2022-01-23,167,AZE,17703
2022-01-17,2022-01-23,168,ARM,25920
2022-01-17,2022-01-23,169,GEO,16953
2022-01-17,2022-01-23,171,UZB,81652
2022-01-17,2022-01-23,179,EST,8747
2022-01-17,2022-01-23,180,SRB,9406
2022-01-17,2022-01-23,181,ISR,14243
2022-01-17,2022-01-23,204,ESP,15033
2022-01-17,2022-01-23,205,ITA,8949
2022-01-17,2022-01-23,206,LVA,11362
2022-01-17,2022-01-23,207,KGZ,75459
2022-01-17,2022-01-23,209,TJK,80254
2022-01-17,2022-01-23,210,ARE,16456
2022-01-17,2022-01-23,211,AUS,1936
2022-01-17,2022-01-23,246,GRC,5608
2022-01-17,2022-01-23,983,TUR,53361
2022-01-17,2022-01-23,994,IND,6348
2022-01-17,2022-01-23,995,THA,26320
2022-01-17,2022-01-23,1056,EGY,20755
2022-01-17,2022-01-23,10074,PRT,1561
2022-01-17,2022-01-23,10077,ROU,4821
2022-01-17,2022-01-23,10083,HRV,2476
2022-01-17,2022-01-23,20574,CYP,5267
2022-01-17,2022-01-23,21610,MNE,3401
2022-01-24,2022-01-30,84,USA,26988
2022-01-24,2022-01-30,95,CAN,5803
2022-01-24,2022-01-30,96,DEU,40218
2022-01-24,2022-01-30,102,GBR,9067
2022-01-24,2022-01-30,113,AUT,3929
2022-01-24,2022-01-30,114,BEL,2386
2022-01-24,2022-01-30,115,BGR,7244
2022-01-24,2022-01-30,116,HUN,6246
2022-01-24,2022-01-30,117,LTU,8113
2022-01-24,2022-01-30,118,NLD,7132
2022-01-24,2022-01-30,119,NOR,2578
2022-01-24,2022-01-30,120,POL,23160
2022-01-24,2022-01-30,121,SVK,1768
2022-01-24,2022-01-30,122,SVN,1411
2022-01-24,2022-01-30,123,FIN,13139
2022-01-24,2022-01-30,124,FRA,11144
2022-01-24,2022-01-30,125,CZE,10433
2022-01-24,2022-01-30,126,CHE,2484
2022-01-24,2022-01-30,127,SWE,9825
2022-01-24,2022-01-30,159,KAZ,701279
2022-01-24,2022-01-30,167,AZE,17516
2022-01-24,2022-01-30,168,ARM,26579
2022-01-24,2022-01-30,169,GEO,16793
2022-01-24,2022-01-30,171,UZB,79298
2022-01-24,2022-01-30,179,EST,8610
2022-01-24,2022-01-30,180,SRB,10020
2022-01-24,2022-01-30,181,ISR,15441
2022-01-24,2022-01-30,204,ESP,13478
2022-01-24,2022-01-30,205,ITA,8649
2022-01-24,2022-01-30,206,LVA,10839
2022-01-24,2022-01-30,207,KGZ,71967
2022-01-24,2022-01-30,209,TJK,73556
2022-01-24,2022-01-30,210,ARE,14472
2022-01-24,2022-01-30,211,AUS,1140
2022-01-24,2022-01-30,246,GRC,5738
2022-01-24,2022-01-30,983,TUR,53537
2022-01-24,2022-01-30,994,IND,4964
2022-01-24,2022-01-30,995,THA,26086
2022-01-24,2022-01-30,1056,EGY,17608
2022-01-24,2022-01-30,10074,PRT,1574
2022-01-24,2022-01-30,10077,ROU,4281
2022-01-24,2022-01-30,10083,HRV,2228
2022-01-24,2022-01-30,20574,CYP,4892
2022-01-24,2022-01-30,21610,MNE,3182
2022-01-31,2022-02-06,84,USA,27065
2022-01-31,2022-02-06,95,CAN,6915
2022-01-31,2022-02-06,96,DEU,40665
2022-01-31,2022-02-06,102,GBR,9298
2022-01-31,2022-02-06,113,AUT,3478
2022-01-31,2022-02-06,114,BEL,2874
2022-01-31,2022-02-06,115,BGR,8258
2022-01-31,2022-02-06,116,HUN,7542
2022-01-31,2022-02-06,117,LTU,9096
2022-01-31,2022-02-06,118,NLD,7002
2022-01-31,2022-02-06,119,NOR,2558
2022-01-31,2022-02-06,120,POL,26313
2022-01-31,2022-02-06,121,SVK,2135
2022-01-31,2022-02-06,122,SVN,1221
2022-01-31,2022-02-06,123,FIN,12642
2022-01-31,2022-02-06,124,FRA,11184
2022-01-31,2022-02-06,125,CZE,10617
2022-01-31,2022-02-06,126,CHE,2540
2022-01-31,2022-02-06,127,SWE,10332
2022-01-31,2022-02-06,159,KAZ,699721
2022-01-31,2022-02-06,167,AZE,17200
2022-01-31,2022-02-06,168,ARM,26836
2022-01-31,2022-02-06,169,GEO,16573
2022-01-31,2022-02-06,171,UZB,87442
2022-01-31,2022-02-06,179,EST,8747
2022-01-31,2022-02-06,180,SRB,11169
2022-01-31,2022-02-06,181,ISR,16050
2022-01-31,2022-02-06,204,ESP,13713
2022-01-31,2022-02-06,205,ITA,8780
2022-01-31,2022-02-06,206,LVA,11398
2022-01-31,2022-02-06,207,KGZ,74479
2022-01-31,2022-02-06,209,TJK,75406
2022-01-31,2022-02-06,210,ARE,14724
2022-01-31,2022-02-06,211,AUS,1488
2022-01-31,2022-02-06,246,GRC,6018
2022-01-31,2022-02-06,983,TUR,56316
2022-01-31,2022-02-06,994,IND,4433
2022-01-31,2022-02-06,995,THA,27989
2022-01-31,2022-02-06,1056,EGY,18269
2022-01-31,2022-02-06,10074,PRT,1397
2022-01-31,2022-02-06,10077,ROU,5775
2022-01-31,2022-02-06,10083,HRV,2901
2022-01-31,2022-02-06,20574,CYP,5149
2022-01-31,2022-02-06,21610,MNE,3459
2022-02-07,2022-02-13,84,USA,25420
2022-02-07,2022-02-13,95,CAN,4104
2022-02-07,2022-02-13,96,DEU,37806
2022-02-07,2022-02-13,102,GBR,9043
2022-02-07,2022-02-13,113,AUT,3254
2022-02-07,2022-02-13,114,BEL,2993
2022-02-07,2022-02-13,115,BGR,7981
2022-02-07,2022-02-13,116,HUN,8057
2022-02-07,2022-02-13,117,LTU,8895
2022-02-07,2022-02-13,118,NLD,7286
2022-02-07,2022-02-13,119,NOR,2715
2022-02-07,2022-02-13,120,POL,25774
2022-02-07,2022-02-13,121,SVK,2300
2022-02-07,2022-02-13,122,SVN,1501
2022-02-07,2022-02-13,123,FIN,12653
2022-02-07,2022-02-13,124,FRA,11051
2022-02-07,2022-02-13,125,CZE,10459
2022-02-07,2022-02-13,126,CHE,2656
2022-02-07,2022-02-13,127,SWE,9554
2022-02-07,2022-02-13,159,KAZ,703681
2022-02-07,2022-02-13,167,AZE,17709
2022-02-07,2022-02-13,168,ARM,25286
2022-02-07,2022-02-13,169,GEO,17008
2022-02-07,2022-02-13,171,UZB,83321
2022-02-07,2022-02-13,179,EST,8532
2022-02-07,2022-02-13,180,SRB,10814
2022-02-07,2022-02-13,181,ISR,16368
2022-02-07,2022-02-13,204,ESP,14578
2022-02-07,2022-02-13,205,ITA,8491
2022-02-07,2022-02-13,206,LVA,11541
2022-02-07,2022-02-13,207,KGZ,76076
2022-02-07,2022-02-13,209,TJK,71566
2022-02-07,2022-02-13,210,ARE,16527
2022-02-07,2022-02-13,211,AUS,1747
2022-02-07,2022-02-13,246,GRC,6462
2022-02-07,2022-02-13,983,TUR,62697
2022-02-07,2022-02-13,994,IND,6065
2022-02-07,2022-02-13,995,THA,34410
2022-02-07,2022-02-13,1056,EGY,19035
2022-02-07,2022-02-13,10074,PRT,1631
2022-02-07,2022-02-13,10077,ROU,5437
2022-02-07,2022-02-13,10083,HRV,2956
2022-02-07,2022-02-13,20574,CYP,5500
2022-02-07,2022-02-13,21610,MNE,3419
2022-02-14,2022-02-20,84,USA,26354
2022-02-14,2022-02-20,95,CAN,3911
2022-02-14,2022-02-20,96,DEU,37431
2022-02-14,2022-02-20,102,GBR,9749
2022-02-14,2022-02-20,113,AUT,3210
2022-02-14,2022-02-20,114,BEL,2838
2022-02-14,2022-02-20,115,BGR,7269
2022-02-14,2022-02-20,116,HUN,7023
2022-02-14,2022-02-20,117,LTU,8365
2022-02-14,2022-02-20,118,NLD,7300
2022-02-14,2022-02-20,119,NOR,2574
2022-02-14,2022-02-20,120,POL,23636
2022-02-14,2022-02-20,121,SVK,1903
2022-02-14,2022-02-20,122,SVN,1343
2022-02-14,2022-02-20,123,FIN,12084
2022-02-14,2022-02-20,124,FRA,11051
2022-02-14,2022-02-20,125,CZE,9615
2022-02-14,2022-02-20,126,CHE,2907
2022-02-14,2022-02-20,127,SWE,9134
2022-02-14,2022-02-20,159,KAZ,671791
2022-02-14,2022-02-20,167,AZE,17495
2022-02-14,2022-02-20,168,ARM,24449
2022-02-14,2022-02-20,169,GEO,16579
2022-02-14,2022-02-20,171,UZB,78494
2022-02-14,2022-02-20,179,EST,8785
2022-02-14,2022-02-20,180,SRB,9807
2022-02-14,2022-02-20,181,ISR,15764
2022-02-14,2022-02-20,204,ESP,13936
2022-02-14,2022-02-20,205,ITA,8235
2022-02-14,2022-02-20,206,LVA,11126
2022-02-14,2022-02-20,207,KGZ,70861
2022-02-14,2022-02-20,209,TJK,67709
2022-02-14,2022-02-20,210,ARE,17394
2022-02-14,2022-02-20,211,AUS,1448
2022-02-14,2022-02-20,246,GRC,5245
2022-02-14,2022-02-20,983,TUR,53645
2022-02-14,2022-02-20,994,IND,4477
2022-02-14,2022-02-20,995,THA,23691
2022-02-14,2022-02-20,1056,EGY,18319
2022-02-14,2022-02-20,10074,PRT,1579
2022-02-14,2022-02-20,10077,ROU,3996
2022-02-14,2022-02-20,10083,HRV,2722
2022-02-14,2022-02-20,20574,CYP,5317
2022-02-14,2022-02-20,21610,MNE,3128
2022-02-21,2022-02-27,84,USA,29846
2022-02-21,2022-02-27,95,CAN,3836
2022-02-21,2022-02-27,96,DEU,42664
2022-02-21,2022-02-27,102,GBR,11577
2022-02-21,2022-02-27,113,AUT,4392
2022-02-21,2022-02-27,114,BEL,3074
2022-02-21,2022-02-27,115,BGR,12090
2022-02-21,2022-02-27,116,HUN,9866
2022-02-21,2022-02-27,117,LTU,7967
2022-02-21,2022-02-27,118,NLD,7456
2022-02-21,2022-02-27,119,NOR,2810
2022-02-21,2022-02-27,120,POL,23499
2022-02-21,2022-02-27,121,SVK,2246
2022-02-21,2022-02-27,122,SVN,1887
2022-02-21,2022-02-27,123,FIN,13830
2022-02-21,2022-02-27,124,FRA,13231
2022-02-21,2022-02-27,125,CZE,11233
2022-02-21,2022-02-27,126,CHE,3457
2022-02-21,2022-02-27,127,SWE,7068
2022-02-21,2022-02-27,159,KAZ,642565
2022-02-21,2022-02-27,167,AZE,17973
2022-02-21,2022-02-27,168,ARM,26519
2022-02-21,2022-02-27,169,GEO,17864
2022-02-21,2022-02-27,171,UZB,75562
2022-02-21,2022-02-27,179,EST,8752
2022-02-21,2022-02-27,180,SRB,9493
2022-02-21,2022-02-27,181,ISR,16191
2022-02-21,2022-02-27,204,ESP,18055
2022-02-21,2022-02-27,205,ITA,11125
2022-02-21,2022-02-27,206,LVA,11183
2022-02-21,2022-02-27,207,KGZ,64278
2022-02-21,2022-02-27,209,TJK,64507
2022-02-21,2022-02-27,210,ARE,22991
2022-02-21,2022-02-27,211,AUS,1496
2022-02-21,2022-02-27,246,GRC,6245
2022-02-21,2022-02-27,983,TUR,63850
2022-02-21,2022-02-27,994,IND,6082
2022-02-21,2022-02-27,995,THA,23928
2022-02-21,2022-02-27,1056,EGY,25202
2022-02-21,2022-02-27,10074,PRT,2352
2022-02-21,2022-02-27,10077,ROU,3618
2022-02-21,2022-02-27,10083,HRV,2978
2022-02-21,2022-02-27,20574,CYP,7164
2022-02-21,2022-02-27,21610,MNE,3626
2022-02-28,2022-03-06,84,USA,52879
2022-02-28,2022-03-06,95,CAN,5338
2022-02-28,2022-03-06,96,DEU,63611
2022-02-28,2022-03-06,102,GBR,15490
2022-02-28,2022-03-06,113,AUT,4998
2022-02-28,2022-03-06,114,BEL,3835
2022-02-28,2022-03-06,115,BGR,10613
2022-02-28,2022-03-06,116,HUN,8978
2022-02-28,2022-03-06,117,LTU,8809
2022-02-28,2022-03-06,118,NLD,11962
2022-02-28,2022-03-06,119,NOR,4938
2022-02-28,2022-03-06,120,POL,29295
2022-02-28,2022-03-06,121,SVK,2305
2022-02-28,2022-03-06,122,SVN,1615
2022-02-28,2022-03-06,123,FIN,15781
2022-02-28,2022-03-06,124,FRA,20666
2022-02-28,2022-03-06,125,CZE,11613
2022-02-28,2022-03-06,126,CHE,5088
2022-02-28,2022-03-06,127,SWE,8569
2022-02-28,2022-03-06,159,KAZ,626460
2022-02-28,2022-03-06,167,AZE,23921
2022-02-28,2022-03-06,168,ARM,38821
2022-02-28,2022-03-06,169,GEO,23391
2022-02-28,2022-03-06,171,UZB,83602
2022-02-28,2022-03-06,179,EST,9879
2022-02-28,2022-03-06,180,SRB,8639
2022-02-28,2022-03-06,181,ISR,20594
2022-02-28,2022-03-06,204,ESP,21875
2022-02-28,2022-03-06,205,ITA,14074
2022-02-28,2022-03-06,206,LVA,13544
2022-02-28,2022-03-06,207,KGZ,72073
2022-02-28,2022-03-06,209,TJK,67596
2022-02-28,2022-03-06,210,ARE,28958
2022-02-28,2022-03-06,211,AUS,1716
2022-02-28,2022-03-06,246,GRC,5758
2022-02-28,2022-03-06,983,TUR,73079
2022-02-28,2022-03-06,994,IND,5996
2022-02-28,2022-03-06,995,THA,27417
2022-02-28,2022-03-06,1056,EGY,31741
2022-02-28,2022-03-06,10074,PRT,2585
2022-02-28,2022-03-06,10077,ROU,3906
2022-02-28,2022-03-06,10083,HRV,2150
2022-02-28,2022-03-06,20574,CYP,9868
2022-02-28,2022-03-06,21610,MNE,4338
2022-03-07,2022-03-13,84,USA,42237
2022-03-07,2022-03-13,95,CAN,5578
2022-03-07,2022-03-13,96,DEU,52559
2022-03-07,2022-03-13,102,GBR,13932
2022-03-07,2022-03-13,113,AUT,4878
2022-03-07,2022-03-13,114,BEL,3354
2022-03-07,2022-03-13,115,BGR,9007
2022-03-07,2022-03-13,116,HUN,4764
2022-03-07,2022-03-13,117,LTU,9432
2022-03-07,2022-03-13,118,NLD,11246
2022-03-07,2022-03-13,119,NOR,3812
2022-03-07,2022-03-13,120,POL,29752
2022-03-07,2022-03-13,121,SVK,2003
2022-03-07,2022-03-13,122,SVN,1322
2022-03-07,2022-03-13,123,FIN,14918
2022-03-07,2022-03-13,124,FRA,24994
2022-03-07,2022-03-13,125,CZE,11635
2022-03-07,2022-03-13,126,CHE,4300
2022-03-07,2022-03-13,127,SWE,6536
2022-03-07,2022-03-13,159,KAZ,642327
2022-03-07,2022-03-13,167,AZE,23093
2022-03-07,2022-03-13,168,ARM,39631
2022-03-07,2022-03-13,169,GEO,28687
2022-03-07,2022-03-13,171,UZB,84195
2022-03-07,2022-03-13,179,EST,10661
2022-03-07,2022-03-13,180,SRB,8993
2022-03-07,2022-03-13,181,ISR,20567
2022-03-07,2022-03-13,204,ESP,20012
2022-03-07,2022-03-13,205,ITA,12663
2022-03-07,2022-03-13,206,LVA,11973
2022-03-07,2022-03-13,207,KGZ,74683
2022-03-07,2022-03-13,209,TJK,71595
2022-03-07,2022-03-13,210,ARE,23016
2022-03-07,2022-03-13,211,AUS,1822
2022-03-07,2022-03-13,246,GRC,5336
2022-03-07,2022-03-13,983,TUR,82775
2022-03-07,2022-03-13,994,IND,5733
2022-03-07,2022-03-13,995,THA,25399
2022-03-07,2022-03-13,1056,EGY,26196
2022-03-07,2022-03-13,10074,PRT,2203
2022-03-07,2022-03-13,10077,ROU,3823
2022-03-07,2022-03-13,10083,HRV,1825
2022-03-07,2022-03-13,20574,CYP,8085
2022-03-07,2022-03-13,21610,MNE,4627
2022-03-14,2022-03-20,84,USA,67287
2022-03-14,2022-03-20,95,CAN,6304
2022-03-14,2022-03-20,96,DEU,70269
2022-03-14,2022-03-20,102,GBR,18218
2022-03-14,2022-03-20,113,AUT,5292
2022-03-14,2022-03-20,114,BEL,4697
2022-03-14,2022-03-20,115,BGR,9655
2022-03-14,2022-03-20,116,HUN,4250
2022-03-14,2022-03-20,117,LTU,8870
2022-03-14,2022-03-20,118,NLD,33988
2022-03-14,2022-03-20,119,NOR,4413
2022-03-14,2022-03-20,120,POL,33513
2022-03-14,2022-03-20,121,SVK,2249
2022-03-14,2022-03-20,122,SVN,1296
2022-03-14,2022-03-20,123,FIN,22144
2022-03-14,2022-03-20,124,FRA,51840
2022-03-14,2022-03-20,125,CZE,14627
2022-03-14,2022-03-20,126,CHE,4555
2022-03-14,2022-03-20,127,SWE,9531
2022-03-14,2022-03-20,159,KAZ,669175
2022-03-14,2022-03-20,167,AZE,19862
2022-03-14,2022-03-20,168,ARM,36181
2022-03-14,2022-03-20,169,GEO,27211
2022-03-14,2022-03-20,171,UZB,82815
2022-03-14,2022-03-20,179,EST,11256
2022-03-14,2022-03-20,180,SRB,9672
2022-03-14,2022-03-20,181,ISR,21014
2022-03-14,2022-03-20,204,ESP,20254
2022-03-14,2022-03-20,205,ITA,14190
2022-03-14,2022-03-20,206,LVA,12614
2022-03-14,2022-03-20,207,KGZ,69230
2022-03-14,2022-03-20,209,TJK,66443
2022-03-14,2022-03-20,210,ARE,15786
2022-03-14,2022-03-20,211,AUS,2051
2022-03-14,2022-03-20,246,GRC,4845
2022-03-14,2022-03-20,983,TUR,65737
2022-03-14,2022-03-20,994,IND,7269
2022-03-14,2022-03-20,995,THA,20154
2022-03-14,2022-03-20,1056,EGY,17659
2022-03-14,2022-03-20,10074,PRT,1923
2022-03-14,2022-03-20,10077,ROU,5507
2022-03-14,2022-03-20,10083,HRV,1766
2022-03-14,2022-03-20,20574,CYP,7411
2022-03-14,2022-03-20,21610,MNE,4400
2022-03-21,2022-03-27,84,USA,52531
2022-03-21,2022-03-27,95,CAN,5888
2022-03-21,2022-03-27,96,DEU,73708
2022-03-21,2022-03-27,102,GBR,17413
2022-03-21,2022-03-27,113,AUT,5112
2022-03-21,2022-03-27,114,BEL,8313
2022-03-21,2022-03-27,115,BGR,8875
2022-03-21,2022-03-27,116,HUN,4007
2022-03-21,2022-03-27,117,LTU,9785
2022-03-21,2022-03-27,118,NLD,28639
2022-03-21,2022-03-27,119,NOR,3867
2022-03-21,2022-03-27,120,POL,33108
2022-03-21,2022-03-27,121,SVK,1943
2022-03-21,2022-03-27,122,SVN,1355
2022-03-21,2022-03-27,123,FIN,17657
2022-03-21,2022-03-27,124,FRA,47476
2022-03-21,2022-03-27,125,CZE,14692
2022-03-21,2022-03-27,126,CHE,4467
2022-03-21,2022-03-27,127,SWE,9695
2022-03-21,2022-03-27,159,KAZ,604860
2022-03-21,2022-03-27,167,AZE,21575
2022-03-21,2022-03-27,168,ARM,34562
2022-03-21,2022-03-27,169,GEO,26913
2022-03-21,2022-03-27,171,UZB,73920
2022-03-21,2022-03-27,179,EST,11052
2022-03-21,2022-03-27,180,SRB,9158
2022-03-21,2022-03-27,181,ISR,21032
2022-03-21,2022-03-27,204,ESP,19089
2022-03-21,2022-03-27,205,ITA,13438
2022-03-21,2022-03-27,206,LVA,13432
2022-03-21,2022-03-27,207,KGZ,61996
2022-03-21,2022-03-27,209,TJK,56341
2022-03-21,2022-03-27,210,ARE,14575
2022-03-21,2022-03-27,211,AUS,2154
2022-03-21,2022-03-27,246,GRC,4742
2022-03-21,2022-03-27,983,TUR,58586
2022-03-21,2022-03-27,994,IND,6355
2022-03-21,2022-03-27,995,THA,16465
2022-03-21,2022-03-27,1056,EGY,14280
2022-03-21,2022-03-27,10074,PRT,1731
2022-03-21,2022-03-27,10077,ROU,4349
2022-03-21,2022-03-27,10083,HRV,1520
2022-03-21,2022-03-27,20574,CYP,7108
2022-03-21,2022-03-27,21610,MNE,4645
2022-03-28,2022-04-03,84,USA,50225
2022-03-28,2022-04-03,95,CAN,5391
2022-03-28,2022-04-03,96,DEU,71418
2022-03-28,2022-04-03,102,GBR,17475
2022-03-28,2022-04-03,113,AUT,4934
2022-03-28,2022-04-03,114,BEL,8430
2022-03-28,2022-04-03,115,BGR,8776
2022-03-28,2022-04-03,116,HUN,3800
2022-03-28,2022-04-03,117,LTU,11384
2022-03-28,2022-04-03,118,NLD,28233
2022-03-28,2022-04-03,119,NOR,4063
2022-03-28,2022-04-03,120,POL,33353
2022-03-28,2022-04-03,121,SVK,2205
2022-03-28,2022-04-03,122,SVN,1200
2022-03-28,2022-04-03,123,FIN,17646
2022-03-28,2022-04-03,124,FRA,42704
2022-03-28,2022-04-03,125,CZE,13131
2022-03-28,2022-04-03,126,CHE,4226
2022-03-28,2022-04-03,127,SWE,12154
2022-03-28,2022-04-03,159,KAZ,646178
2022-03-28,2022-04-03,167,AZE,20059
2022-03-28,2022-04-03,168,ARM,31119
2022-03-28,2022-04-03,169,GEO,24770
2022-03-28,2022-04-03,171,UZB,72954
2022-03-28,2022-04-03,179,EST,11125
2022-03-28,2022-04-03,180,SRB,9216
2022-03-28,2022-04-03,181,ISR,20044
2022-03-28,2022-04-03,204,ESP,17162
2022-03-28,2022-04-03,205,ITA,14624
2022-03-28,2022-04-03,206,LVA,13563
2022-03-28,2022-04-03,207,KGZ,58541
2022-03-28,2022-04-03,209,TJK,52150
2022-03-28,2022-04-03,210,ARE,13803
2022-03-28,2022-04-03,211,AUS,1837
2022-03-28,2022-04-03,246,GRC,4608
2022-03-28,2022-04-03,983,TUR,54161
2022-03-28,2022-04-03,994,IND,6746
2022-03-28,2022-04-03,995,THA,16151
2022-03-28,2022-04-03,1056,EGY,8506
2022-03-28,2022-04-03,10074,PRT,1958
2022-03-28,2022-04-03,10077,ROU,4199
2022-03-28,2022-04-03,10083,HRV,1787
2022-03-28,2022-04-03,20574,CYP,6743
2022-03-28,2022-04-03,21610,MNE,4679
2022-04-04,2022-04-10,84,USA,52985
2022-04-04,2022-04-10,95,CAN,6533
2022-04-04,2022-04-10,96,DEU,71214
2022-04-04,2022-04-10,102,GBR,18622
2022-04-04,2022-04-10,113,AUT,4991
2022-04-04,2022-04-10,114,BEL,8398
2022-04-04,2022-04-10,115,BGR,9051
2022-04-04,2022-04-10,116,HUN,4498
2022-04-04,2022-04-10,117,LTU,11134
2022-04-04,2022-04-10,118,NLD,30350
2022-04-04,2022-04-10,119,NOR,3654
2022-04-04,2022-04-10,120,POL,33286
2022-04-04,2022-04-10,121,SVK,2065
2022-04-04,2022-04-10,122,SVN,1457
2022-04-04,2022-04-10,123,FIN,17261
2022-04-04,2022-04-10,124,FRA,41137
2022-04-04,2022-04-10,125,CZE,13389
2022-04-04,2022-04-10,126,CHE,4242
2022-04-04,2022-04-10,127,SWE,13199
2022-04-04,2022-04-10,159,KAZ,627375
2022-04-04,2022-04-10,167,AZE,18787
2022-04-04,2022-04-10,168,ARM,30592
2022-04-04,2022-04-10,169,GEO,25050
2022-04-04,2022-04-10,171,UZB,71911
2022-04-04,2022-04-10,179,EST,11475
2022-04-04,2022-04-10,180,SRB,10565
2022-04-04,2022-04-10,181,ISR,21669
2022-04-04,2022-04-10,204,ESP,16902
2022-04-04,2022-04-10,205,ITA,13986
2022-04-04,2022-04-10,206,LVA,13705
2022-04-04,2022-04-10,207,KGZ,57601
2022-04-04,2022-04-10,209,TJK,55102
2022-04-04,2022-04-10,210,ARE,13833
2022-04-04,2022-04-10,211,AUS,2090
2022-04-04,2022-04-10,246,GRC,4949
2022-04-04,2022-04-10,983,TUR,59533
2022-04-04,2022-04-10,994,IND,5367
2022-04-04,2022-04-10,995,THA,17351
2022-04-04,2022-04-10,1056,EGY,9474
2022-04-04,2022-04-10,10074,PRT,1905
2022-04-04,2022-04-10,10077,ROU,4334
2022-04-04,2022-04-10,10083,HRV,1897
2022-04-04,2022-04-10,20574,CYP,7058
2022-04-04,2022-04-10,21610,MNE,5099
2022-04-11,2022-04-17,84,USA,59137
2022-04-11,2022-04-17,95,CAN,8133
2022-04-11,2022-04-17,96,DEU,63065
2022-04-11,2022-04-17,102,GBR,20776
2022-04-11,2022-04-17,113,AUT,4771
2022-04-11,2022-04-17,114,BEL,8671
2022-04-11,2022-04-17,115,BGR,8911
2022-04-11,2022-04-17,116,HUN,3710
2022-04-11,2022-04-17,117,LTU,10253
2022-04-11,2022-04-17,118,NLD,30254
2022-04-11,2022-04-17,119,NOR,3491
2022-04-11,2022-04-17,120,POL,31640
2022-04-11,2022-04-17,121,SVK,2085
2022-04-11,2022-04-17,122,SVN,1186
2022-04-11,2022-04-17,123,FIN,18427
2022-04-11,2022-04-17,124,FRA,39164
2022-04-11,2022-04-17,125,CZE,12120
2022-04-11,2022-04-17,126,CHE,3799
2022-04-11,2022-04-17,127,SWE,12857
2022-04-11,2022-04-17,159,KAZ,621019
2022-04-11,2022-04-17,167,AZE,17963
2022-04-11,2022-04-17,168,ARM,28977
2022-04-11,2022-04-17,169,GEO,24950
2022-04-11,2022-04-17,171,UZB,75087
2022-04-11,2022-04-17,179,EST,11355
2022-04-11,2022-04-17,180,SRB,9109
2022-04-11,2022-04-17,181,ISR,21260
2022-04-11,2022-04-17,204,ESP,15614
2022-04-11,2022-04-17,205,ITA,13498
2022-04-11,2022-04-17,206,LVA,8462
2022-04-11,2022-04-17,207,KGZ,57176
2022-04-11,2022-04-17,209,TJK,53307
2022-04-11,2022-04-17,210,ARE,14123
2022-04-11,2022-04-17,211,AUS,1854
2022-04-11,2022-04-17,246,GRC,4151
2022-04-11,2022-04-17,983,TUR,59329
2022-04-11,2022-04-17,994,IND,5964
2022-04-11,2022-04-17,995,THA,13264
2022-04-11,2022-04-17,1056,EGY,8710
2022-04-11,2022-04-17,10074,PRT,1663
2022-04-11,2022-04-17,10077,ROU,4097
2022-04-11,2022-04-17,10083,HRV,1671
2022-04-11,2022-04-17,20574,CYP,6833
2022-04-11,2022-04-17,21610,MNE,4377
2022-04-18,2022-04-24,84,USA,49257
2022-04-18,2022-04-24,95,CAN,5114
2022-04-18,2022-04-24,96,DEU,67939
2022-04-18,2022-04-24,102,GBR,17167
2022-04-18,2022-04-24,113,AUT,4355
2022-04-18,2022-04-24,114,BEL,7502
2022-04-18,2022-04-24,115,BGR,8423
2022-04-18,2022-04-24,116,HUN,3389
2022-04-18,2022-04-24,117,LTU,9724
2022-04-18,2022-04-24,118,NLD,27136
2022-04-18,2022-04-24,119,NOR,3142
2022-04-18,2022-04-24,120,POL,29454
2022-04-18,2022-04-24,121,SVK,2082
2022-04-18,2022-04-24,122,SVN,1044
2022-04-18,2022-04-24,123,FIN,16976
2022-04-18,2022-04-24,124,FRA,34837
2022-04-18,2022-04-24,125,CZE,12128
2022-04-18,2022-04-24,126,CHE,3519
2022-04-18,2022-04-24,127,SWE,12089
2022-04-18,2022-04-24,159,KAZ,633188
2022-04-18,2022-04-24,167,AZE,16746
2022-04-18,2022-04-24,168,ARM,28554
2022-04-18,2022-04-24,169,GEO,23416
2022-04-18,2022-04-24,171,UZB,73937
2022-04-18,2022-04-24,179,EST,10262
2022-04-18,2022-04-24,180,SRB,9068
2022-04-18,2022-04-24,181,ISR,22262
2022-04-18,2022-04-24,204,ESP,15372
2022-04-18,2022-04-24,205,ITA,13626
2022-04-18,2022-04-24,206,LVA,4735
2022-04-18,2022-04-24,207,KGZ,57520
2022-04-18,2022-04-24,209,TJK,52044
2022-04-18,2022-04-24,210,ARE,13899
2022-04-18,2022-04-24,211,AUS,1710
2022-04-18,2022-04-24,246,GRC,4179
2022-04-18,2022-04-24,983,TUR,59151
2022-04-18,2022-04-24,994,IND,6551
2022-04-18,2022-04-24,995,THA,13755
2022-04-18,2022-04-24,1056,EGY,8887
2022-04-18,2022-04-24,10074,PRT,1911
2022-04-18,2022-04-24,10077,ROU,4081
2022-04-18,2022-04-24,10083,HRV,1539
2022-04-18,2022-04-24,20574,CYP,6039
2022-04-18,2022-04-24,21610,MNE,4505
2022-04-25,2022-05-01,84,USA,49099
2022-04-25,2022-05-01,95,CAN,4803
2022-04-25,2022-05-01,96,DEU,73207
2022-04-25,2022-05-01,102,GBR,17206
2022-04-25,2022-05-01,113,AUT,4556
2022-04-25,2022-05-01,114,BEL,7256
2022-04-25,2022-05-01,115,BGR,8673
2022-04-25,2022-05-01,116,HUN,3405
2022-04-25,2022-05-01,117,LTU,9010
2022-04-25,2022-05-01,118,NLD,28560
2022-04-25,2022-05-01,119,NOR,3550
2022-04-25,2022-05-01,120,POL,28412
2022-04-25,2022-05-01,121,SVK,1867
2022-04-25,2022-05-01,122,SVN,962
2022-04-25,2022-05-01,123,FIN,15784
2022-04-25,2022-05-01,124,FRA,37377
2022-04-25,2022-05-01,125,CZE,11865
2022-04-25,2022-05-01,126,CHE,3774
2022-04-25,2022-05-01,127,SWE,13260
2022-04-25,2022-05-01,159,KAZ,616381
2022-04-25,2022-05-01,167,AZE,15778
2022-04-25,2022-05-01,168,ARM,29266
2022-04-25,2022-05-01,169,GEO,24950
2022-04-25,2022-05-01,171,UZB,72893
2022-04-25,2022-05-01,179,EST,11138
2022-04-25,2022-05-01,180,SRB,8350
2022-04-25,2022-05-01,181,ISR,21054
2022-04-25,2022-05-01,204,ESP,14725
2022-04-25,2022-05-01,205,ITA,13896
2022-04-25,2022-05-01,206,LVA,4866
2022-04-25,2022-05-01,207,KGZ,55839
2022-04-25,2022-05-01,209,TJK,46052
2022-04-25,2022-05-01,210,ARE,14356
2022-04-25,2022-05-01,211,AUS,1740
2022-04-25,2022-05-01,246,GRC,4226
2022-04-25,2022-05-01,983,TUR,60796
2022-04-25,2022-05-01,994,IND,5998
2022-04-25,2022-05-01,995,THA,11425
2022-04-25,2022-05-01,1056,EGY,8434
2022-04-25,2022-05-01,10074,PRT,1880
2022-04-25,2022-05-01,10077,ROU,3414
2022-04-25,2022-05-01,10083,HRV,1298
2022-04-25,2022-05-01,20574,CYP,6803
2022-04-25,2022-05-01,21610,MNE,4359
2022-05-02,2022-05-08,84,USA,46132
2022-05-02,2022-05-08,95,CAN,4353
2022-05-02,2022-05-08,96,DEU,70021
2022-05-02,2022-05-08,102,GBR,15964
2022-05-02,2022-05-08,113,AUT,4248
2022-05-02,2022-05-08,114,BEL,6099
2022-05-02,2022-05-08,115,BGR,9404
2022-05-02,2022-05-08,116,HUN,4133
2022-05-02,2022-05-08,117,LTU,9120
2022-05-02,2022-05-08,118,NLD,23751
2022-05-02,2022-05-08,119,NOR,3156
2022-05-02,2022-05-08,120,POL,27293
2022-05-02,2022-05-08,121,SVK,2021
2022-05-02,2022-05-08,122,SVN,1068
2022-05-02,2022-05-08,123,FIN,14644
2022-05-02,2022-05-08,124,FRA,29194
2022-05-02,2022-05-08,125,CZE,11790
2022-05-02,2022-05-08,126,CHE,3260
2022-05-02,2022-05-08,127,SWE,10953
2022-05-02,2022-05-08,159,KAZ,604629
2022-05-02,2022-05-08,167,AZE,17149
2022-05-02,2022-05-08,168,ARM,30653
2022-05-02,2022-05-08,169,GEO,26274
2022-05-02,2022-05-08,171,UZB,71974
2022-05-02,2022-05-08,179,EST,11230
2022-05-02,2022-05-08,180,SRB,9612
2022-05-02,2022-05-08,181,ISR,22050
2022-05-02,2022-05-08,204,ESP,15544
2022-05-02,2022-05-08,205,ITA,13326
2022-05-02,2022-05-08,206,LVA,4687
2022-05-02,2022-05-08,207,KGZ,49697
2022-05-02,2022-05-08,209,TJK,50155
2022-05-02,2022-05-08,210,ARE,14332
2022-05-02,2022-05-08,211,AUS,1731
2022-05-02,2022-05-08,246,GRC,4474
2022-05-02,2022-05-08,983,TUR,66828
2022-05-02,2022-05-08,994,IND,7885
2022-05-02,2022-05-08,995,THA,15053
2022-05-02,2022-05-08,1056,EGY,8301
2022-05-02,2022-05-08,10074,PRT,2001
2022-05-02,2022-05-08,10077,ROU,4085
2022-05-02,2022-05-08,10083,HRV,1719
2022-05-02,2022-05-08,20574,CYP,6906
2022-05-02,2022-05-08,21610,MNE,4547
2022-05-09,2022-05-15,84,USA,45234
2022-05-09,2022-05-15,95,CAN,4273
2022-05-09,2022-05-15,96,DEU,62205
2022-05-09,2022-05-15,102,GBR,16772
2022-05-09,2022-05-15,113,AUT,4154
2022-05-09,2022-05-15,114,BEL,5462
2022-05-09,2022-05-15,115,BGR,8334
2022-05-09,2022-05-15,116,HUN,3442
2022-05-09,2022-05-15,117,LTU,8241
2022-05-09,2022-05-15,118,NLD,21947
2022-05-09,2022-05-15,119,NOR,3282
2022-05-09,2022-05-15,120,POL,25547
2022-05-09,2022-05-15,121,SVK,1768
2022-05-09,2022-05-15,122,SVN,874
2022-05-09,2022-05-15,123,FIN,14057
2022-05-09,2022-05-15,124,FRA,24335
2022-05-09,2022-05-15,125,CZE,11882
2022-05-09,2022-05-15,126,CHE,3110
2022-05-09,2022-05-15,127,SWE,9834
2022-05-09,2022-05-15,159,KAZ,621126
2022-05-09,2022-05-15,167,AZE,16890
2022-05-09,2022-05-15,168,ARM,29104
2022-05-09,2022-05-15,169,GEO,25807
2022-05-09,2022-05-15,171,UZB,75609
2022-05-09,2022-05-15,179,EST,10801
2022-05-09,2022-05-15,180,SRB,8307
2022-05-09,2022-05-15,181,ISR,22770
2022-05-09,2022-05-15,204,ESP,14568
2022-05-09,2022-05-15,205,ITA,13218
2022-05-09,2022-05-15,206,LVA,4365
2022-05-09,2022-05-15,207,KGZ,57387
2022-05-09,2022-05-15,209,TJK,52216
2022-05-09,2022-05-15,210,ARE,13638
2022-05-09,2022-05-15,211,AUS,1460
2022-05-09,2022-05-15,246,GRC,4067
2022-05-09,2022-05-15,983,TUR,66891
2022-05-09,2022-05-15,994,IND,6690
2022-05-09,2022-05-15,995,THA,12043
2022-05-09,2022-05-15,1056,EGY,8150
2022-05-09,2022-05-15,10074,PRT,1917
2022-05-09,2022-05-15,10077,ROU,3280
2022-05-09,2022-05-15,10083,HRV,1436
2022-05-09,2022-05-15,20574,CYP,7059
2022-05-09,2022-05-15,21610,MNE,4485
2022-05-16,2022-05-22,84,USA,45248
2022-05-16,2022-05-22,95,CAN,4592
2022-05-16,2022-05-22,96,DEU,63373
2022-05-16,2022-05-22,102,GBR,17186
2022-05-16,2022-05-22,113,AUT,3671
2022-05-16,2022-05-22,114,BEL,5117
2022-05-16,2022-05-22,115,BGR,9034
2022-05-16,2022-05-22,116,HUN,2925
2022-05-16,2022-05-22,117,LTU,9138
2022-05-16,2022-05-22,118,NLD,23239
2022-05-16,2022-05-22,119,NOR,3368
2022-05-16,2022-05-22,120,POL,25006
2022-05-16,2022-05-22,121,SVK,1652
2022-05-16,2022-05-22,122,SVN,859
2022-05-16,2022-05-22,123,FIN,18527
2022-05-16,2022-05-22,124,FRA,23913
2022-05-16,2022-05-22,125,CZE,11332
2022-05-16,2022-05-22,126,CHE,3303
2022-05-16,2022-05-22,127,SWE,9700
2022-05-16,2022-05-22,159,KAZ,671373
2022-05-16,2022-05-22,167,AZE,16689
2022-05-16,2022-05-22,168,ARM,29101
2022-05-16,2022-05-22,169,GEO,26176
2022-05-16,2022-05-22,171,UZB,78394
2022-05-16,2022-05-22,179,EST,10862
2022-05-16,2022-05-22,180,SRB,7096
2022-05-16,2022-05-22,181,ISR,23031
2022-05-16,2022-05-22,204,ESP,14149
2022-05-16,2022-05-22,205,ITA,13262
2022-05-16,2022-05-22,206,LVA,4629
2022-05-16,2022-05-22,207,KGZ,60854
2022-05-16,2022-05-22,209,TJK,49718
2022-05-16,2022-05-22,210,ARE,12158
2022-05-16,2022-05-22,211,AUS,1339
2022-05-16,2022-05-22,246,GRC,3803
2022-05-16,2022-05-22,983,TUR,64620
2022-05-16,2022-05-22,994,IND,5942
2022-05-16,2022-05-22,995,THA,8866
2022-05-16,2022-05-22,1056,EGY,7218
2022-05-16,2022-05-22,10074,PRT,1624
2022-05-16,2022-05-22,10077,ROU,2485
2022-05-16,2022-05-22,10083,HRV,1253
2022-05-16,2022-05-22,20574,CYP,7257
2022-05-16,2022-05-22,21610,MNE,4706
2022-05-23,2022-05-29,84,USA,42906
2022-05-23,2022-05-29,95,CAN,4019
2022-05-23,2022-05-29,96,DEU,66730
2022-05-23,2022-05-29,102,GBR,16801
2022-05-23,2022-05-29,113,AUT,3686
2022-05-23,2022-05-29,114,BEL,4614
2022-05-23,2022-05-29,115,BGR,8998
2022-05-23,2022-05-29,116,HUN,3507
2022-05-23,2022-05-29,117,LTU,8689
2022-05-23,2022-05-29,118,NLD,19504
2022-05-23,2022-05-29,119,NOR,3586
2022-05-23,2022-05-29,120,POL,24985
2022-05-23,2022-05-29,121,SVK,1967
2022-05-23,2022-05-29,122,SVN,1042
2022-05-23,2022-05-29,123,FIN,15751
2022-05-23,2022-05-29,124,FRA,19640
2022-05-23,2022-05-29,125,CZE,13888
2022-05-23,2022-05-29,126,CHE,3315
2022-05-23,2022-05-29,127,SWE,8675
2022-05-23,2022-05-29,159,KAZ,625560
2022-05-23,2022-05-29,167,AZE,17016
2022-05-23,2022-05-29,168,ARM,28953
2022-05-23,2022-05-29,169,GEO,26004
2022-05-23,2022-05-29,171,UZB,76725
2022-05-23,2022-05-29,179,EST,11176
2022-05-23,2022-05-29,180,SRB,8459
2022-05-23,2022-05-29,181,ISR,23654
2022-05-23,2022-05-29,204,ESP,15354
2022-05-23,2022-05-29,205,ITA,13221
2022-05-23,2022-05-29,206,LVA,4345
2022-05-23,2022-05-29,207,KGZ,65299
2022-05-23,2022-05-29,209,TJK,49288
2022-05-23,2022-05-29,210,ARE,12475
2022-05-23,2022-05-29,211,AUS,1675
2022-05-23,2022-05-29,246,GRC,4151
2022-05-23,2022-05-29,983,TUR,73122
2022-05-23,2022-05-29,994,IND,6649
2022-05-23,2022-05-29,995,THA,11392
2022-05-23,2022-05-29,1056,EGY,7746
2022-05-23,2022-05-29,10074,PRT,1711
2022-05-23,2022-05-29,10077,ROU,3108
2022-05-23,2022-05-29,10083,HRV,1523
2022-05-23,2022-05-29,20574,CYP,7069
2022-05-23,2022-05-29,21610,MNE,5091
2022-05-30,2022-06-05,84,USA,41620
2022-05-30,2022-06-05,95,CAN,3934
2022-05-30,2022-06-05,96,DEU,65453
2022-05-30,2022-06-05,102,GBR,16870
2022-05-30,2022-06-05,113,AUT,3820
2022-05-30,2022-06-05,114,BEL,4357
2022-05-30,2022-06-05,115,BGR,9240
2022-05-30,2022-06-05,116,HUN,3187
2022-05-30,2022-06-05,117,LTU,8753
2022-05-30,2022-06-05,118,NLD,18580
2022-05-30,2022-06-05,119,NOR,3546
2022-05-30,2022-06-05,120,POL,24300
2022-05-30,2022-06-05,121,SVK,1911
2022-05-30,2022-06-05,122,SVN,959
2022-05-30,2022-06-05,123,FIN,15878
2022-05-30,2022-06-05,124,FRA,19842
2022-05-30,2022-06-05,125,CZE,11828
2022-05-30,2022-06-05,126,CHE,3727
2022-05-30,2022-06-05,127,SWE,8729
2022-05-30,2022-06-05,159,KAZ,640999
2022-05-30,2022-06-05,167,AZE,16863
2022-05-30,2022-06-05,168,ARM,28651
2022-05-30,2022-06-05,169,GEO,26248
2022-05-30,2022-06-05,171,UZB,78168
2022-05-30,2022-06-05,179,EST,11185
2022-05-30,2022-06-05,180,SRB,8422
2022-05-30,2022-06-05,181,ISR,26081
2022-05-30,2022-06-05,204,ESP,15681
2022-05-30,2022-06-05,205,ITA,14077
2022-05-30,2022-06-05,206,LVA,4379
2022-05-30,2022-06-05,207,KGZ,60659
2022-05-30,2022-06-05,209,TJK,47142
2022-05-30,2022-06-05,210,ARE,11896
2022-05-30,2022-06-05,211,AUS,1342
2022-05-30,2022-06-05,246,GRC,4327
2022-05-30,2022-06-05,983,TUR,78570
2022-05-30,2022-06-05,994,IND,6202
2022-05-30,2022-06-05,995,THA,11365
2022-05-30,2022-06-05,1056,EGY,7727
2022-05-30,2022-06-05,10074,PRT,1986
2022-05-30,2022-06-05,10077,ROU,2750
2022-05-30,2022-06-05,10083,HRV,1388
2022-05-30,2022-06-05,20574,CYP,7326
2022-05-30,2022-06-05,21610,MNE,5165
2022-06-06,2022-06-12,84,USA,38217
2022-06-06,2022-06-12,95,CAN,4140
2022-06-06,2022-06-12,96,DEU,67128
2022-06-06,2022-06-12,102,GBR,18204
2022-06-06,2022-06-12,113,AUT,3776
2022-06-06,2022-06-12,114,BEL,4990
2022-06-06,2022-06-12,115,BGR,10447
2022-06-06,2022-06-12,116,HUN,3789
2022-06-06,2022-06-12,117,LTU,8957
2022-06-06,2022-06-12,118,NLD,18257
2022-06-06,2022-06-12,119,NOR,3254
2022-06-06,2022-06-12,120,POL,24901
2022-06-06,2022-06-12,121,SVK,1986
2022-06-06,2022-06-12,122,SVN,1046
2022-06-06,2022-06-12,123,FIN,14501
2022-06-06,2022-06-12,124,FRA,21419
2022-06-06,2022-06-12,125,CZE,12258
2022-06-06,2022-06-12,126,CHE,3526
2022-06-06,2022-06-12,127,SWE,10107
2022-06-06,2022-06-12,159,KAZ,655837
2022-06-06,2022-06-12,167,AZE,17240
2022-06-06,2022-06-12,168,ARM,30517
2022-06-06,2022-06-12,169,GEO,27414
2022-06-06,2022-06-12,171,UZB,77294
2022-06-06,2022-06-12,179,EST,11004
2022-06-06,2022-06-12,180,SRB,9265
2022-06-06,2022-06-12,181,ISR,23533
2022-06-06,2022-06-12,204,ESP,16226
2022-06-06,2022-06-12,205,ITA,14854
2022-06-06,2022-06-12,206,LVA,4350
2022-06-06,2022-06-12,207,KGZ,60546
2022-06-06,2022-06-12,209,TJK,47075
2022-06-06,2022-06-12,210,ARE,12001
2022-06-06,2022-06-12,211,AUS,1787
2022-06-06,2022-06-12,246,GRC,4423
2022-06-06,2022-06-12,983,TUR,87216
2022-06-06,2022-06-12,994,IND,9007
2022-06-06,2022-06-12,995,THA,23447
2022-06-06,2022-06-12,1056,EGY,7849
2022-06-06,2022-06-12,10074,PRT,1986
2022-06-06,2022-06-12,10077,ROU,3761
2022-06-06,2022-06-12,10083,HRV,1650
2022-06-06,2022-06-12,20574,CYP,8073
2022-06-06,2022-06-12,21610,MNE,5662
2022-06-13,2022-06-19,84,USA,68609
2022-06-13,2022-06-19,95,CAN,5028
2022-06-13,2022-06-19,96,DEU,73792
2022-06-13,2022-06-19,102,GBR,20799
2022-06-13,2022-06-19,113,AUT,3902
2022-06-13,2022-06-19,114,BEL,5028
2022-06-13,2022-06-19,115,BGR,10391
2022-06-13,2022-06-19,116,HUN,3341
2022-06-13,2022-06-19,117,LTU,8661
2022-06-13,2022-06-19,118,NLD,20260
2022-06-13,2022-06-19,119,NOR,3317
2022-06-13,2022-06-19,120,POL,25937
2022-06-13,2022-06-19,121,SVK,1786
2022-06-13,2022-06-19,122,SVN,806
2022-06-13,2022-06-19,123,FIN,15132
2022-06-13,2022-06-19,124,FRA,47572
2022-06-13,2022-06-19,125,CZE,11716
2022-06-13,2022-06-19,126,CHE,3594
2022-06-13,2022-06-19,127,SWE,10950
2022-06-13,2022-06-19,159,KAZ,650593
2022-06-13,2022-06-19,167,AZE,18097
2022-06-13,2022-06-19,168,ARM,31539
2022-06-13,2022-06-19,169,GEO,31629
2022-06-13,2022-06-19,171,UZB,76213
2022-06-13,2022-06-19,179,EST,10892
2022-06-13,2022-06-19,180,SRB,8572
2022-06-13,2022-06-19,181,ISR,24736
2022-06-13,2022-06-19,204,ESP,16659
2022-06-13,2022-06-19,205,ITA,14979
2022-06-13,2022-06-19,206,LVA,4387
2022-06-13,2022-06-19,207,KGZ,60424
2022-06-13,2022-06-19,209,TJK,46221
2022-06-13,2022-06-19,210,ARE,11651
2022-06-13,2022-06-19,211,AUS,4221
2022-06-13,2022-06-19,246,GRC,4266
2022-06-13,2022-06-19,983,TUR,88913
2022-06-13,2022-06-19,994,IND,10152
2022-06-13,2022-06-19,995,THA,35656
2022-06-13,2022-06-19,1056,EGY,8086
2022-06-13,2022-06-19,10074,PRT,1830
2022-06-13,2022-06-19,10077,ROU,3346
2022-06-13,2022-06-19,10083,HRV,1342
2022-06-13,2022-06-19,20574,CYP,8003
2022-06-13,2022-06-19,21610,MNE,5755
2022-06-20,2022-06-26,84,USA,58605
2022-06-20,2022-06-26,95,CAN,5372
2022-06-20,2022-06-26,96,DEU,74016
2022-06-20,2022-06-26,102,GBR,20078
2022-06-20,2022-06-26,113,AUT,3852
2022-06-20,2022-06-26,114,BEL,4620
2022-06-20,2022-06-26,115,BGR,10976
2022-06-20,2022-06-26,116,HUN,2311
2022-06-20,2022-06-26,117,LTU,8270
2022-06-20,2022-06-26,118,NLD,20597
2022-06-20,2022-06-26,119,NOR,3294
2022-06-20,2022-06-26,120,POL,22333
2022-06-20,2022-06-26,121,SVK,1902
2022-06-20,2022-06-26,122,SVN,732
2022-06-20,2022-06-26,123,FIN,14246
2022-06-20,2022-06-26,124,FRA,54134
2022-06-20,2022-06-26,125,CZE,12301
2022-06-20,2022-06-26,126,CHE,3453
2022-06-20,2022-06-26,127,SWE,10940
2022-06-20,2022-06-26,159,KAZ,637766
2022-06-20,2022-06-26,167,AZE,18162
2022-06-20,2022-06-26,168,ARM,32160
2022-06-20,2022-06-26,169,GEO,33791
2022-06-20,2022-06-26,171,UZB,77619
2022-06-20,2022-06-26,179,EST,10631
2022-06-20,2022-06-26,180,SRB,8907
2022-06-20,2022-06-26,181,ISR,22979
2022-06-20,2022-06-26,204,ESP,16909
2022-06-20,2022-06-26,205,ITA,14663
2022-06-20,2022-06-26,206,LVA,4185
2022-06-20,2022-06-26,207,KGZ,60559
2022-06-20,2022-06-26,209,TJK,47291
2022-06-20,2022-06-26,210,ARE,9982
2022-06-20,2022-06-26,211,AUS,7663
2022-06-20,2022-06-26,246,GRC,4037
2022-06-20,2022-06-26,983,TUR,87374
2022-06-20,2022-06-26,994,IND,27613
2022-06-20,2022-06-26,995,THA,59785
2022-06-20,2022-06-26,1056,EGY,8829
2022-06-20,2022-06-26,10074,PRT,1738
2022-06-20,2022-06-26,10077,ROU,3342
2022-06-20,2022-06-26,10083,HRV,1282
2022-06-20,2022-06-26,20574,CYP,8055
2022-06-20,2022-06-26,21610,MNE,5515
2022-06-27,2022-07-03,84,USA,40019
2022-06-27,2022-07-03,95,CAN,4167
2022-06-27,2022-07-03,96,DEU,67716
2022-06-27,2022-07-03,102,GBR,19436
2022-06-27,2022-07-03,113,AUT,3393
2022-06-27,2022-07-03,114,BEL,3845
2022-06-27,2022-07-03,115,BGR,11259
2022-06-27,2022-07-03,116,HUN,2245
2022-06-27,2022-07-03,117,LTU,8593
2022-06-27,2022-07-03,118,NLD,20391
2022-06-27,2022-07-03,119,NOR,3200
2022-06-27,2022-07-03,120,POL,23434
2022-06-27,2022-07-03,121,SVK,1662
2022-06-27,2022-07-03,122,SVN,721
2022-06-27,2022-07-03,123,FIN,13979
2022-06-27,2022-07-03,124,FRA,22714
2022-06-27,2022-07-03,125,CZE,10305
2022-06-27,2022-07-03,126,CHE,3250
2022-06-27,2022-07-03,127,SWE,10638
2022-06-27,2022-07-03,159,KAZ,615298
2022-06-27,2022-07-03,167,AZE,18687
2022-06-27,2022-07-03,168,ARM,33576
2022-06-27,2022-07-03,169,GEO,35670
2022-06-27,2022-07-03,171,UZB,71067
2022-06-27,2022-07-03,179,EST,10454
2022-06-27,2022-07-03,180,SRB,6405
2022-06-27,2022-07-03,181,ISR,24001
2022-06-27,2022-07-03,204,ESP,15548
2022-06-27,2022-07-03,205,ITA,14422
2022-06-27,2022-07-03,206,LVA,4464
2022-06-27,2022-07-03,207,KGZ,58039
2022-06-27,2022-07-03,209,TJK,48335
2022-06-27,2022-07-03,210,ARE,9791
2022-06-27,2022-07-03,211,AUS,5421
2022-06-27,2022-07-03,246,GRC,4418
2022-06-27,2022-07-03,983,TUR,88197
2022-06-27,2022-07-03,994,IND,18588
2022-06-27,2022-07-03,995,THA,23845
2022-06-27,2022-07-03,1056,EGY,7982
2022-06-27,2022-07-03,10074,PRT,1813
2022-06-27,2022-07-03,10077,ROU,1520
2022-06-27,2022-07-03,10083,HRV,1078
2022-06-27,2022-07-03,20574,CYP,8104
2022-06-27,2022-07-03,21610,MNE,5623
2022-07-04,2022-07-10,84,USA,37254
2022-07-04,2022-07-10,95,CAN,4409
2022-07-04,2022-07-10,96,DEU,69821
2022-07-04,2022-07-10,102,GBR,21570
2022-07-04,2022-07-10,113,AUT,3350
2022-07-04,2022-07-10,114,BEL,3187
2022-07-04,2022-07-10,115,BGR,12741
2022-07-04,2022-07-10,116,HUN,2232
2022-07-04,2022-07-10,117,LTU,8651
2022-07-04,2022-07-10,118,NLD,20253
2022-07-04,2022-07-10,119,NOR,3331
2022-07-04,2022-07-10,120,POL,23516
2022-07-04,2022-07-10,121,SVK,1891
2022-07-04,2022-07-10,122,SVN,696
2022-07-04,2022-07-10,123,FIN,16060
2022-07-04,2022-07-10,124,FRA,22005
2022-07-04,2022-07-10,125,CZE,14742
2022-07-04,2022-07-10,126,CHE,3347
2022-07-04,2022-07-10,127,SWE,10216
2022-07-04,2022-07-10,159,KAZ,593212
2022-07-04,2022-07-10,167,AZE,18721
2022-07-04,2022-07-10,168,ARM,34458
2022-07-04,2022-07-10,169,GEO,35550
2022-07-04,2022-07-10,171,UZB,69597
2022-07-04,2022-07-10,179,EST,11745
2022-07-04,2022-07-10,180,SRB,6019
2022-07-04,2022-07-10,181,ISR,23932
2022-07-04,2022-07-10,204,ESP,16327
2022-07-04,2022-07-10,205,ITA,14772
2022-07-04,2022-07-10,206,LVA,4209
2022-07-04,2022-07-10,207,KGZ,56177
2022-07-04,2022-07-10,209,TJK,44969
2022-07-04,2022-07-10,210,ARE,9531
2022-07-04,2022-07-10,211,AUS,1111
2022-07-04,2022-07-10,246,GRC,4673
2022-07-04,2022-07-10,983,TUR,87765
2022-07-04,2022-07-10,994,IND,15578
2022-07-04,2022-07-10,995,THA,18587
2022-07-04,2022-07-10,1056,EGY,7974
2022-07-04,2022-07-10,10074,PRT,1618
2022-07-04,2022-07-10,10077,ROU,1511
2022-07-04,2022-07-10,10083,HRV,1250
2022-07-04,2022-07-10,20574,CYP,7154
2022-07-04,2022-07-10,21610,MNE,5752
2022-07-11,2022-07-17,84,USA,34512
2022-07-11,2022-07-17,95,CAN,4725
2022-07-11,2022-07-17,96,DEU,71139
2022-07-11,2022-07-17,102,GBR,21347
2022-07-11,2022-07-17,113,AUT,3699
2022-07-11,2022-07-17,114,BEL,3344
2022-07-11,2022-07-17,115,BGR,14023
2022-07-11,2022-07-17,116,HUN,2464
2022-07-11,2022-07-17,117,LTU,9372
2022-07-11,2022-07-17,118,NLD,22478
2022-07-11,2022-07-17,119,NOR,3134
2022-07-11,2022-07-17,120,POL,24223
2022-07-11,2022-07-17,121,SVK,1747
2022-07-11,2022-07-17,122,SVN,657
2022-07-11,2022-07-17,123,FIN,15986
2022-07-11,2022-07-17,124,FRA,22056
2022-07-11,2022-07-17,125,CZE,11846
2022-07-11,2022-07-17,126,CHE,3392
2022-07-11,2022-07-17,127,SWE,10054
2022-07-11,2022-07-17,159,KAZ,597816
2022-07-11,2022-07-17,167,AZE,21083
2022-07-11,2022-07-17,168,ARM,37639
2022-07-11,2022-07-17,169,GEO,41313
2022-07-11,2022-07-17,171,UZB,73131
2022-07-11,2022-07-17,179,EST,11737
2022-07-11,2022-07-17,180,SRB,6630
2022-07-11,2022-07-17,181,ISR,24999
2022-07-11,2022-07-17,204,ESP,16675
2022-07-11,2022-07-17,205,ITA,14729
2022-07-11,2022-07-17,206,LVA,4346
2022-07-11,2022-07-17,207,KGZ,61816
2022-07-11,2022-07-17,209,TJK,53869
2022-07-11,2022-07-17,210,ARE,10176
2022-07-11,2022-07-17,211,AUS,1222
2022-07-11,2022-07-17,246,GRC,4904
2022-07-11,2022-07-17,983,TUR,88420
2022-07-11,2022-07-17,994,IND,20307
2022-07-11,2022-07-17,995,THA,15271
2022-07-11,2022-07-17,1056,EGY,7705
2022-07-11,2022-07-17,10074,PRT,1916
2022-07-11,2022-07-17,10077,ROU,1508
2022-07-11,2022-07-17,10083,HRV,1433
2022-07-11,2022-07-17,20574,CYP,7437
2022-07-11,2022-07-17,21610,MNE,6083
2022-07-18,2022-07-24,84,USA,38643
2022-07-18,2022-07-24,95,CAN,4313
2022-07-18,2022-07-24,96,DEU,71862
2022-07-18,2022-07-24,102,GBR,22440
2022-07-18,2022-07-24,113,AUT,3696
2022-07-18,2022-07-24,114,BEL,3160
2022-07-18,2022-07-24,115,BGR,14781
2022-07-18,2022-07-24,116,HUN,2375
2022-07-18,2022-07-24,117,LTU,8938
2022-07-18,2022-07-24,118,NLD,177602
2022-07-18,2022-07-24,119,NOR,2829
2022-07-18,2022-07-24,120,POL,23854
2022-07-18,2022-07-24,121,SVK,1659
2022-07-18,2022-07-24,122,SVN,762
2022-07-18,2022-07-24,123,FIN,17118
2022-07-18,2022-07-24,124,FRA,23660
2022-07-18,2022-07-24,125,CZE,11914
2022-07-18,2022-07-24,126,CHE,3496
2022-07-18,2022-07-24,127,SWE,10772
2022-07-18,2022-07-24,159,KAZ,592527
2022-07-18,2022-07-24,167,AZE,22741
2022-07-18,2022-07-24,168,ARM,38158
2022-07-18,2022-07-24,169,GEO,44223
2022-07-18,2022-07-24,171,UZB,69399
2022-07-18,2022-07-24,179,EST,11273
2022-07-18,2022-07-24,180,SRB,6584
2022-07-18,2022-07-24,181,ISR,23891
2022-07-18,2022-07-24,204,ESP,17670
2022-07-18,2022-07-24,205,ITA,15717
2022-07-18,2022-07-24,206,LVA,4433
2022-07-18,2022-07-24,207,KGZ,62983
2022-07-18,2022-07-24,209,TJK,54334
2022-07-18,2022-07-24,210,ARE,10273
2022-07-18,2022-07-24,211,AUS,1388
2022-07-18,2022-07-24,246,GRC,5350
2022-07-18,2022-07-24,983,TUR,91292
2022-07-18,2022-07-24,994,IND,18868
2022-07-18,2022-07-24,995,THA,21102
2022-07-18,2022-07-24,1056,EGY,8429
2022-07-18,2022-07-24,10074,PRT,2020
2022-07-18,2022-07-24,10077,ROU,1481
2022-07-18,2022-07-24,10083,HRV,1510
2022-07-18,2022-07-24,20574,CYP,7800
2022-07-18,2022-07-24,21610,MNE,5867
2022-07-25,2022-07-31,84,USA,45768
2022-07-25,2022-07-31,95,CAN,4211
2022-07-25,2022-07-31,96,DEU,80387
2022-07-25,2022-07-31,102,GBR,22347
2022-07-25,2022-07-31,113,AUT,3673
2022-07-25,2022-07-31,114,BEL,3735
2022-07-25,2022-07-31,115,BGR,16102
2022-07-25,2022-07-31,116,HUN,3095
2022-07-25,2022-07-31,117,LTU,9209
2022-07-25,2022-07-31,118,NLD,29585
2022-07-25,2022-07-31,119,NOR,2935
2022-07-25,2022-07-31,120,POL,24702
2022-07-25,2022-07-31,121,SVK,1800
2022-07-25,2022-07-31,122,SVN,726
2022-07-25,2022-07-31,123,FIN,18163
2022-07-25,2022-07-31,124,FRA,25434
2022-07-25,2022-07-31,125,CZE,12421
2022-07-25,2022-07-31,126,CHE,3729
2022-07-25,2022-07-31,127,SWE,12228
2022-07-25,2022-07-31,159,KAZ,586934
2022-07-25,2022-07-31,167,AZE,23436
2022-07-25,2022-07-31,168,ARM,40335
2022-07-25,2022-07-31,169,GEO,43424
2022-07-25,2022-07-31,171,UZB,70889
2022-07-25,2022-07-31,179,EST,11800
2022-07-25,2022-07-31,180,SRB,7051
2022-07-25,2022-07-31,181,ISR,23709
2022-07-25,2022-07-31,204,ESP,18293
2022-07-25,2022-07-31,205,ITA,16178
2022-07-25,2022-07-31,206,LVA,4841
2022-07-25,2022-07-31,207,KGZ,64952
2022-07-25,2022-07-31,209,TJK,56844
2022-07-25,2022-07-31,210,ARE,10861
2022-07-25,2022-07-31,211,AUS,1273
2022-07-25,2022-07-31,246,GRC,5102
2022-07-25,2022-07-31,983,TUR,93491
2022-07-25,2022-07-31,994,IND,17805
2022-07-25,2022-07-31,995,THA,17900
2022-07-25,2022-07-31,1056,EGY,8873
2022-07-25,2022-07-31,10074,PRT,1959
2022-07-25,2022-07-31,10077,ROU,1667
2022-07-25,2022-07-31,10083,HRV,1558
2022-07-25,2022-07-31,20574,CYP,7975
2022-07-25,2022-07-31,21610,MNE,6501
2022-08-01,2022-08-07,84,USA,43919
2022-08-01,2022-08-07,95,CAN,4838
2022-08-01,2022-08-07,96,DEU,79553
2022-08-01,2022-08-07,102,GBR,26464
2022-08-01,2022-08-07,113,AUT,3710
2022-08-01,2022-08-07,114,BEL,3920
2022-08-01,2022-08-07,115,BGR,17443
2022-08-01,2022-08-07,116,HUN,2379
2022-08-01,2022-08-07,117,LTU,9343
2022-08-01,2022-08-07,118,NLD,23794
2022-08-01,2022-08-07,119,NOR,2969
2022-08-01,2022-08-07,120,POL,25224
2022-08-01,2022-08-07,121,SVK,2132
2022-08-01,2022-08-07,122,SVN,656
2022-08-01,2022-08-07,123,FIN,17195
2022-08-01,2022-08-07,124,FRA,24063
2022-08-01,2022-08-07,125,CZE,82223
2022-08-01,2022-08-07,126,CHE,3682
2022-08-01,2022-08-07,127,SWE,13097
2022-08-01,2022-08-07,159,KAZ,574323
2022-08-01,2022-08-07,167,AZE,24321
2022-08-01,2022-08-07,168,ARM,42411
2022-08-01,2022-08-07,169,GEO,47465
2022-08-01,2022-08-07,171,UZB,73797
2022-08-01,2022-08-07,179,EST,11994
2022-08-01,2022-08-07,180,SRB,6727
2022-08-01,2022-08-07,181,ISR,22966
2022-08-01,2022-08-07,204,ESP,17748
2022-08-01,2022-08-07,205,ITA,15820
2022-08-01,2022-08-07,206,LVA,5278
2022-08-01,2022-08-07,207,KGZ,66407
2022-08-01,2022-08-07,209,TJK,57356
2022-08-01,2022-08-07,210,ARE,10798
2022-08-01,2022-08-07,211,AUS,1670
2022-08-01,2022-08-07,246,GRC,4740
2022-08-01,2022-08-07,983,TUR,94501
2022-08-01,2022-08-07,994,IND,21156
2022-08-01,2022-08-07,995,THA,17483
2022-08-01,2022-08-07,1056,EGY,9074
2022-08-01,2022-08-07,10074,PRT,1816
2022-08-01,2022-08-07,10077,ROU,1871
2022-08-01,2022-08-07,10083,HRV,1511
2022-08-01,2022-08-07,20574,CYP,8549
2022-08-01,2022-08-07,21610,MNE,6430
2022-08-08,2022-08-14,84,USA,45858
2022-08-08,2022-08-14,95,CAN,5244
2022-08-08,2022-08-14,96,DEU,77730
2022-08-08,2022-08-14,102,GBR,25159
2022-08-08,2022-08-14,113,AUT,3905
2022-08-08,2022-08-14,114,BEL,4439
2022-08-08,2022-08-14,115,BGR,17461
2022-08-08,2022-08-14,116,HUN,2587
2022-08-08,2022-08-14,117,LTU,9730
2022-08-08,2022-08-14,118,NLD,23543
2022-08-08,2022-08-14,119,NOR,2895
2022-08-08,2022-08-14,120,POL,25970
2022-08-08,2022-08-14,121,SVK,1935
2022-08-08,2022-08-14,122,SVN,573
2022-08-08,2022-08-14,123,FIN,15814
2022-08-08,2022-08-14,124,FRA,34657
2022-08-08,2022-08-14,125,CZE,14898
2022-08-08,2022-08-14,126,CHE,3950
2022-08-08,2022-08-14,127,SWE,14538
2022-08-08,2022-08-14,159,KAZ,578525
2022-08-08,2022-08-14,167,AZE,26077
2022-08-08,2022-08-14,168,ARM,43038
2022-08-08,2022-08-14,169,GEO,47613
2022-08-08,2022-08-14,171,UZB,72536
2022-08-08,2022-08-14,179,EST,12435
2022-08-08,2022-08-14,180,SRB,6859
2022-08-08,2022-08-14,181,ISR,23290
2022-08-08,2022-08-14,204,ESP,18637
2022-08-08,2022-08-14,205,ITA,16306
2022-08-08,2022-08-14,206,LVA,5384
2022-08-08,2022-08-14,207,KGZ,62147
2022-08-08,2022-08-14,209,TJK,56528
2022-08-08,2022-08-14,210,ARE,11861
2022-08-08,2022-08-14,211,AUS,1309
2022-08-08,2022-08-14,246,GRC,5229
2022-08-08,2022-08-14,983,TUR,97387
2022-08-08,2022-08-14,994,IND,26737
2022-08-08,2022-08-14,995,THA,19627
2022-08-08,2022-08-14,1056,EGY,9511
2022-08-08,2022-08-14,10074,PRT,1805
2022-08-08,2022-08-14,10077,ROU,1846
2022-08-08,2022-08-14,10083,HRV,1746
2022-08-08,2022-08-14,20574,CYP,8294
2022-08-08,2022-08-14,21610,MNE,6788
2022-08-15,2022-08-21,84,USA,38354
2022-08-15,2022-08-21,95,CAN,4881
2022-08-15,2022-08-21,96,DEU,79858
2022-08-15,2022-08-21,102,GBR,25818
2022-08-15,2022-08-21,113,AUT,3936
2022-08-15,2022-08-21,114,BEL,4557
2022-08-15,2022-08-21,115,BGR,16444
2022-08-15,2022-08-21,116,HUN,2495
2022-08-15,2022-08-21,117,LTU,9657
2022-08-15,2022-08-21,118,NLD,22724
2022-08-15,2022-08-21,119,NOR,3053
2022-08-15,2022-08-21,120,POL,24827
2022-08-15,2022-08-21,121,SVK,1869
2022-08-15,2022-08-21,122,SVN,640
2022-08-15,2022-08-21,123,FIN,16143
2022-08-15,2022-08-21,124,FRA,24792
2022-08-15,2022-08-21,125,CZE,14656
2022-08-15,2022-08-21,126,CHE,3645
2022-08-15,2022-08-21,127,SWE,13690
2022-08-15,2022-08-21,159,KAZ,572954
2022-08-15,2022-08-21,167,AZE,24039
2022-08-15,2022-08-21,168,ARM,41582
2022-08-15,2022-08-21,169,GEO,48060
2022-08-15,2022-08-21,171,UZB,76107
2022-08-15,2022-08-21,179,EST,12071
2022-08-15,2022-08-21,180,SRB,6698
2022-08-15,2022-08-21,181,ISR,22348
2022-08-15,2022-08-21,204,ESP,18435
2022-08-15,2022-08-21,205,ITA,16084
2022-08-15,2022-08-21,206,LVA,4867
2022-08-15,2022-08-21,207,KGZ,61706
2022-08-15,2022-08-21,209,TJK,52818
2022-08-15,2022-08-21,210,ARE,11850
2022-08-15,2022-08-21,211,AUS,1446
2022-08-15,2022-08-21,246,GRC,5120
2022-08-15,2022-08-21,983,TUR,97567
2022-08-15,2022-08-21,994,IND,24629
2022-08-15,2022-08-21,995,THA,19200
2022-08-15,2022-08-21,1056,EGY,10189
2022-08-15,2022-08-21,10074,PRT,1906
2022-08-15,2022-08-21,10077,ROU,1921
2022-08-15,2022-08-21,10083,HRV,1564
2022-08-15,2022-08-21,20574,CYP,7961
2022-08-15,2022-08-21,21610,MNE,6296
2022-08-22,2022-08-28,84,USA,40197
2022-08-22,2022-08-28,95,CAN,5467
2022-08-22,2022-08-28,96,DEU,78462
2022-08-22,2022-08-28,102,GBR,25892
2022-08-22,2022-08-28,113,AUT,3852
2022-08-22,2022-08-28,114,BEL,5111
2022-08-22,2022-08-28,115,BGR,16964
2022-08-22,2022-08-28,116,HUN,3074
2022-08-22,2022-08-28,117,LTU,9318
2022-08-22,2022-08-28,118,NLD,21661
2022-08-22,2022-08-28,119,NOR,2930
2022-08-22,2022-08-28,120,POL,25653
2022-08-22,2022-08-28,121,SVK,1827
2022-08-22,2022-08-28,122,SVN,925
2022-08-22,2022-08-28,123,FIN,19459
2022-08-22,2022-08-28,124,FRA,23485
2022-08-22,2022-08-28,125,CZE,12077
2022-08-22,2022-08-28,126,CHE,3857
2022-08-22,2022-08-28,127,SWE,12894
2022-08-22,2022-08-28,159,KAZ,571455
2022-08-22,2022-08-28,167,AZE,27269
2022-08-22,2022-08-28,168,ARM,39990
2022-08-22,2022-08-28,169,GEO,47584
2022-08-22,2022-08-28,171,UZB,72103
2022-08-22,2022-08-28,179,EST,11569
2022-08-22,2022-08-28,180,SRB,10114
2022-08-22,2022-08-28,181,ISR,22938
2022-08-22,2022-08-28,204,ESP,20944
2022-08-22,2022-08-28,205,ITA,16695
2022-08-22,2022-08-28,206,LVA,4902
2022-08-22,2022-08-28,207,KGZ,61689
2022-08-22,2022-08-28,209,TJK,51774
2022-08-22,2022-08-28,210,ARE,13128
2022-08-22,2022-08-28,211,AUS,1566
2022-08-22,2022-08-28,246,GRC,6166
2022-08-22,2022-08-28,983,TUR,115372
2022-08-22,2022-08-28,994,IND,115998
2022-08-22,2022-08-28,995,THA,63811
2022-08-22,2022-08-28,1056,EGY,26446
2022-08-22,2022-08-28,10074,PRT,2555
2022-08-22,2022-08-28,10077,ROU,3232
2022-08-22,2022-08-28,10083,HRV,1725
2022-08-22,2022-08-28,20574,CYP,8093
2022-08-22,2022-08-28,21610,MNE,6379
2022-08-29,2022-09-04,84,USA,44984
2022-08-29,2022-09-04,95,CAN,6723
2022-08-29,2022-09-04,96,DEU,75613
2022-08-29,2022-09-04,102,GBR,24011
2022-08-29,2022-09-04,113,AUT,3452
2022-08-29,2022-09-04,114,BEL,4445
2022-08-29,2022-09-04,115,BGR,15720
2022-08-29,2022-09-04,116,HUN,2831
2022-08-29,2022-09-04,117,LTU,8875
2022-08-29,2022-09-04,118,NLD,20157
2022-08-29,2022-09-04,119,NOR,2828
2022-08-29,2022-09-04,120,POL,23346
2022-08-29,2022-09-04,121,SVK,1670
2022-08-29,2022-09-04,122,SVN,785
2022-08-29,2022-09-04,123,FIN,26158
2022-08-29,2022-09-04,124,FRA,22414
2022-08-29,2022-09-04,125,CZE,25881
2022-08-29,2022-09-04,126,CHE,3918
2022-08-29,2022-09-04,127,SWE,13193
2022-08-29,2022-09-04,159,KAZ,533979
2022-08-29,2022-09-04,167,AZE,24889
2022-08-29,2022-09-04,168,ARM,39475
2022-08-29,2022-09-04,169,GEO,42902
2022-08-29,2022-09-04,171,UZB,68299
2022-08-29,2022-09-04,179,EST,10580
2022-08-29,2022-09-04,180,SRB,9345
2022-08-29,2022-09-04,181,ISR,22108
2022-08-29,2022-09-04,204,ESP,20910
2022-08-29,2022-09-04,205,ITA,17517
2022-08-29,2022-09-04,206,LVA,4865
2022-08-29,2022-09-04,207,KGZ,61062
2022-08-29,2022-09-04,209,TJK,48982
2022-08-29,2022-09-04,210,ARE,13380
2022-08-29,2022-09-04,211,AUS,1789
2022-08-29,2022-09-04,246,GRC,6194
2022-08-29,2022-09-04,983,TUR,109880
2022-08-29,2022-09-04,994,IND,118492
2022-08-29,2022-09-04,995,THA,72056
2022-08-29,2022-09-04,1056,EGY,19617
2022-08-29,2022-09-04,10074,PRT,2496
2022-08-29,2022-09-04,10077,ROU,2846
2022-08-29,2022-09-04,10083,HRV,1755
2022-08-29,2022-09-04,20574,CYP,8215
2022-08-29,2022-09-04,21610,MNE,6353
2022-09-05,2022-09-11,84,USA,47353
2022-09-05,2022-09-11,95,CAN,5354
2022-09-05,2022-09-11,96,DEU,74906
2022-09-05,2022-09-11,102,GBR,23665
2022-09-05,2022-09-11,113,AUT,3493
2022-09-05,2022-09-11,114,BEL,4309
2022-09-05,2022-09-11,115,BGR,14072
2022-09-05,2022-09-11,116,HUN,2585
2022-09-05,2022-09-11,117,LTU,8636
2022-09-05,2022-09-11,118,NLD,20857
2022-09-05,2022-09-11,119,NOR,2856
2022-09-05,2022-09-11,120,POL,21756
2022-09-05,2022-09-11,121,SVK,1738
2022-09-05,2022-09-11,122,SVN,653
2022-09-05,2022-09-11,123,FIN,19356
2022-09-05,2022-09-11,124,FRA,22656
2022-09-05,2022-09-11,125,CZE,13018
2022-09-05,2022-09-11,126,CHE,4209
2022-09-05,2022-09-11,127,SWE,12224
2022-09-05,2022-09-11,159,KAZ,585867
2022-09-05,2022-09-11,167,AZE,21647
2022-09-05,2022-09-11,168,ARM,35413
2022-09-05,2022-09-11,169,GEO,42670
2022-09-05,2022-09-11,171,UZB,84106
2022-09-05,2022-09-11,179,EST,9970
2022-09-05,2022-09-11,180,SRB,8195
2022-09-05,2022-09-11,181,ISR,21989
2022-09-05,2022-09-11,204,ESP,19323
2022-09-05,2022-09-11,205,ITA,16737
2022-09-05,2022-09-11,206,LVA,4012
2022-09-05,2022-09-11,207,KGZ,60256
2022-09-05,2022-09-11,209,TJK,46935
2022-09-05,2022-09-11,210,ARE,13394
2022-09-05,2022-09-11,211,AUS,1307
2022-09-05,2022-09-11,246,GRC,5264
2022-09-05,2022-09-11,983,TUR,103564
2022-09-05,2022-09-11,994,IND,75167
2022-09-05,2022-09-11,995,THA,34866
2022-09-05,2022-09-11,1056,EGY,15885
2022-09-05,2022-09-11,10074,PRT,2300
2022-09-05,2022-09-11,10077,ROU,2625
2022-09-05,2022-09-11,10083,HRV,1498
2022-09-05,2022-09-11,20574,CYP,7592
2022-09-05,2022-09-11,21610,MNE,6429
2022-09-12,2022-09-18,84,USA,46167
2022-09-12,2022-09-18,95,CAN,4350
2022-09-12,2022-09-18,96,DEU,74434
2022-09-12,2022-09-18,102,GBR,22466
2022-09-12,2022-09-18,113,AUT,3691
2022-09-12,2022-09-18,114,BEL,3745
2022-09-12,2022-09-18,115,BGR,10575
2022-09-12,2022-09-18,116,HUN,2195
2022-09-12,2022-09-18,117,LTU,8421
2022-09-12,2022-09-18,118,NLD,19710
2022-09-12,2022-09-18,119,NOR,2696
2022-09-12,2022-09-18,120,POL,19125
2022-09-12,2022-09-18,121,SVK,1578
2022-09-12,2022-09-18,122,SVN,632
2022-09-12,2022-09-18,123,FIN,16838
2022-09-12,2022-09-18,124,FRA,19975
2022-09-12,2022-09-18,125,CZE,8822
2022-09-12,2022-09-18,126,CHE,3954
2022-09-12,2022-09-18,127,SWE,11532
2022-09-12,2022-09-18,159,KAZ,538194
2022-09-12,2022-09-18,167,AZE,18979
2022-09-12,2022-09-18,168,ARM,32973
2022-09-12,2022-09-18,169,GEO,40496
2022-09-12,2022-09-18,171,UZB,86776
2022-09-12,2022-09-18,179,EST,9399
2022-09-12,2022-09-18,180,SRB,5813
2022-09-12,2022-09-18,181,ISR,19807
2022-09-12,2022-09-18,204,ESP,16155
2022-09-12,2022-09-18,205,ITA,14151
2022-09-12,2022-09-18,206,LVA,3689
2022-09-12,2022-09-18,207,KGZ,54470
2022-09-12,2022-09-18,209,TJK,45591
2022-09-12,2022-09-18,210,ARE,12793
2022-09-12,2022-09-18,211,AUS,984
2022-09-12,2022-09-18,246,GRC,4095
2022-09-12,2022-09-18,983,TUR,95838
2022-09-12,2022-09-18,994,IND,2250
2022-09-12,2022-09-18,995,THA,5130
2022-09-12,2022-09-18,1056,EGY,8574
2022-09-12,2022-09-18,10074,PRT,1953
2022-09-12,2022-09-18,10077,ROU,1417
2022-09-12,2022-09-18,10083,HRV,1343
2022-09-12,2022-09-18,20574,CYP,7221
2022-09-12,2022-09-18,21610,MNE,6368
2022-09-19,2022-09-25,84,USA,65077
2022-09-19,2022-09-25,95,CAN,5302
2022-09-19,2022-09-25,96,DEU,85316
2022-09-19,2022-09-25,102,GBR,29749
2022-09-19,2022-09-25,113,AUT,4674
2022-09-19,2022-09-25,114,BEL,4715
2022-09-19,2022-09-25,115,BGR,12480
2022-09-19,2022-09-25,116,HUN,2549
2022-09-19,2022-09-25,117,LTU,8744
2022-09-19,2022-09-25,118,NLD,27590
2022-09-19,2022-09-25,119,NOR,3674
2022-09-19,2022-09-25,120,POL,21246
2022-09-19,2022-09-25,121,SVK,1577
2022-09-19,2022-09-25,122,SVN,927
2022-09-19,2022-09-25,123,FIN,24925
2022-09-19,2022-09-25,124,FRA,26324
2022-09-19,2022-09-25,125,CZE,8908
2022-09-19,2022-09-25,126,CHE,4780
2022-09-19,2022-09-25,127,SWE,14733
2022-09-19,2022-09-25,159,KAZ,599290
2022-09-19,2022-09-25,167,AZE,26613
2022-09-19,2022-09-25,168,ARM,45073
2022-09-19,2022-09-25,169,GEO,55906
2022-09-19,2022-09-25,171,UZB,116243
2022-09-19,2022-09-25,179,EST,10523
2022-09-19,2022-09-25,180,SRB,7467
2022-09-19,2022-09-25,181,ISR,24338
2022-09-19,2022-09-25,204,ESP,21221
2022-09-19,2022-09-25,205,ITA,17227
2022-09-19,2022-09-25,206,LVA,4612
2022-09-19,2022-09-25,207,KGZ,77068
2022-09-19,2022-09-25,209,TJK,73902
2022-09-19,2022-09-25,210,ARE,19918
2022-09-19,2022-09-25,211,AUS,1224
2022-09-19,2022-09-25,246,GRC,5113
2022-09-19,2022-09-25,983,TUR,147288
2022-09-19,2022-09-25,994,IND,3567
2022-09-19,2022-09-25,995,THA,7872
2022-09-19,2022-09-25,1056,EGY,11565
2022-09-19,2022-09-25,10074,PRT,2590
2022-09-19,2022-09-25,10077,ROU,1833
2022-09-19,2022-09-25,10083,HRV,1556
2022-09-19,2022-09-25,20574,CYP,10115
2022-09-19,2022-09-25,21610,MNE,7606
2022-09-26,2022-10-02,84,USA,57826
2022-09-26,2022-10-02,95,CAN,4912
2022-09-26,2022-10-02,96,DEU,76791
2022-09-26,2022-10-02,102,GBR,25834
2022-09-26,2022-10-02,113,AUT,4094
2022-09-26,2022-10-02,114,BEL,4223
2022-09-26,2022-10-02,115,BGR,11040
2022-09-26,2022-10-02,116,HUN,2714
2022-09-26,2022-10-02,117,LTU,9627
2022-09-26,2022-10-02,118,NLD,25359
2022-09-26,2022-10-02,119,NOR,3516
2022-09-26,2022-10-02,120,POL,22117
2022-09-26,2022-10-02,121,SVK,1759
2022-09-26,2022-10-02,122,SVN,678
2022-09-26,2022-10-02,123,FIN,28645
2022-09-26,2022-10-02,124,FRA,24093
2022-09-26,2022-10-02,125,CZE,12392
2022-09-26,2022-10-02,126,CHE,4478
2022-09-26,2022-10-02,127,SWE,13226
2022-09-26,2022-10-02,159,KAZ,753472
2022-09-26,2022-10-02,167,AZE,26337
2022-09-26,2022-10-02,168,ARM,52849
2022-09-26,2022-10-02,169,GEO,84305
2022-09-26,2022-10-02,171,UZB,123437
2022-09-26,2022-10-02,179,EST,11883
2022-09-26,2022-10-02,180,SRB,8242
2022-09-26,2022-10-02,181,ISR,25732
2022-09-26,2022-10-02,204,ESP,20487
2022-09-26,2022-10-02,205,ITA,15871
2022-09-26,2022-10-02,206,LVA,4200
2022-09-26,2022-10-02,207,KGZ,89550
2022-09-26,2022-10-02,209,TJK,60824
2022-09-26,2022-10-02,210,ARE,24708
2022-09-26,2022-10-02,211,AUS,985
2022-09-26,2022-10-02,246,GRC,4600
2022-09-26,2022-10-02,983,TUR,174943
2022-09-26,2022-10-02,994,IND,4631
2022-09-26,2022-10-02,995,THA,9177
2022-09-26,2022-10-02,1056,EGY,13092
2022-09-26,2022-10-02,10074,PRT,2397
2022-09-26,2022-10-02,10077,ROU,1706
2022-09-26,2022-10-02,10083,HRV,1239
2022-09-26,2022-10-02,20574,CYP,9975
2022-09-26,2022-10-02,21610,MNE,7943
2022-10-03,2022-10-09,84,USA,51776
2022-10-03,2022-10-09,95,CAN,5814
2022-10-03,2022-10-09,96,DEU,69991
2022-10-03,2022-10-09,102,GBR,22982
2022-10-03,2022-10-09,113,AUT,3942
2022-10-03,2022-10-09,114,BEL,4331
2022-10-03,2022-10-09,115,BGR,10282
2022-10-03,2022-10-09,116,HUN,2478
2022-10-03,2022-10-09,117,LTU,8337
2022-10-03,2022-10-09,118,NLD,21393
2022-10-03,2022-10-09,119,NOR,3049
2022-10-03,2022-10-09,120,POL,21941
2022-10-03,2022-10-09,121,SVK,1770
2022-10-03,2022-10-09,122,SVN,722
2022-10-03,2022-10-09,123,FIN,19729
2022-10-03,2022-10-09,124,FRA,22166
2022-10-03,2022-10-09,125,CZE,10535
2022-10-03,2022-10-09,126,CHE,3817
2022-10-03,2022-10-09,127,SWE,12399
2022-10-03,2022-10-09,159,KAZ,728536
2022-10-03,2022-10-09,167,AZE,26465
2022-10-03,2022-10-09,168,ARM,54552
2022-10-03,2022-10-09,169,GEO,75980
2022-10-03,2022-10-09,171,UZB,120348
2022-10-03,2022-10-09,179,EST,10270
2022-10-03,2022-10-09,180,SRB,9606
2022-10-03,2022-10-09,181,ISR,25782
2022-10-03,2022-10-09,204,ESP,22716
2022-10-03,2022-10-09,205,ITA,16344
2022-10-03,2022-10-09,206,LVA,3648
2022-10-03,2022-10-09,207,KGZ,77626
2022-10-03,2022-10-09,209,TJK,48787
2022-10-03,2022-10-09,210,ARE,25373
2022-10-03,2022-10-09,211,AUS,1036
2022-10-03,2022-10-09,246,GRC,4233
2022-10-03,2022-10-09,983,TUR,196423
2022-10-03,2022-10-09,994,IND,4233
2022-10-03,2022-10-09,995,THA,10384
2022-10-03,2022-10-09,1056,EGY,13965
2022-10-03,2022-10-09,10074,PRT,2357
2022-10-03,2022-10-09,10077,ROU,1503
2022-10-03,2022-10-09,10083,HRV,1001
2022-10-03,2022-10-09,20574,CYP,10590
2022-10-03,2022-10-09,21610,MNE,7499
2022-10-10,2022-10-16,84,USA,46073
2022-10-10,2022-10-16,95,CAN,5387
2022-10-10,2022-10-16,96,DEU,69518
2022-10-10,2022-10-16,102,GBR,22253
2022-10-10,2022-10-16,113,AUT,3960
2022-10-10,2022-10-16,114,BEL,3993
2022-10-10,2022-10-16,115,BGR,9709
2022-10-10,2022-10-16,116,HUN,2497
2022-10-10,2022-10-16,117,LTU,7768
2022-10-10,2022-10-16,118,NLD,21172
2022-10-10,2022-10-16,119,NOR,2530
2022-10-10,2022-10-16,120,POL,22916
2022-10-10,2022-10-16,121,SVK,1591
2022-10-10,2022-10-16,122,SVN,702
2022-10-10,2022-10-16,123,FIN,15924
2022-10-10,2022-10-16,124,FRA,21147
2022-10-10,2022-10-16,125,CZE,13990
2022-10-10,2022-10-16,126,CHE,4009
2022-10-10,2022-10-16,127,SWE,11826
2022-10-10,2022-10-16,159,KAZ,690343
2022-10-10,2022-10-16,167,AZE,25924
2022-10-10,2022-10-16,168,ARM,50767
2022-10-10,2022-10-16,169,GEO,68844
2022-10-10,2022-10-16,171,UZB,118107
2022-10-10,2022-10-16,179,EST,9301
2022-10-10,2022-10-16,180,SRB,9836
2022-10-10,2022-10-16,181,ISR,27257
2022-10-10,2022-10-16,204,ESP,20432
2022-10-10,2022-10-16,205,ITA,14200
2022-10-10,2022-10-16,206,LVA,3416
2022-10-10,2022-10-16,207,KGZ,72463
2022-10-10,2022-10-16,209,TJK,44595
2022-10-10,2022-10-16,210,ARE,25135
2022-10-10,2022-10-16,211,AUS,1064
2022-10-10,2022-10-16,246,GRC,4016
2022-10-10,2022-10-16,983,TUR,197221
2022-10-10,2022-10-16,994,IND,5816
2022-10-10,2022-10-16,995,THA,15088
2022-10-10,2022-10-16,1056,EGY,12452
2022-10-10,2022-10-16,10074,PRT,2375
2022-10-10,2022-10-16,10077,ROU,1609
2022-10-10,2022-10-16,10083,HRV,945
2022-10-10,2022-10-16,20574,CYP,10929
2022-10-10,2022-10-16,21610,MNE,8207
2022-10-17,2022-10-23,84,USA,40218
2022-10-17,2022-10-23,95,CAN,4521
2022-10-17,2022-10-23,96,DEU,74356
2022-10-17,2022-10-23,102,GBR,23675
2022-10-17,2022-10-23,113,AUT,4193
2022-10-17,2022-10-23,114,BEL,4282
2022-10-17,2022-10-23,115,BGR,10359
2022-10-17,2022-10-23,116,HUN,2432
2022-10-17,2022-10-23,117,LTU,8318
2022-10-17,2022-10-23,118,NLD,22279
2022-10-17,2022-10-23,119,NOR,2703
2022-10-17,2022-10-23,120,POL,23613
2022-10-17,2022-10-23,121,SVK,1794
2022-10-17,2022-10-23,122,SVN,803
2022-10-17,2022-10-23,123,FIN,14855
2022-10-17,2022-10-23,124,FRA,21846
2022-10-17,2022-10-23,125,CZE,14807
2022-10-17,2022-10-23,126,CHE,4214
2022-10-17,2022-10-23,127,SWE,12252
2022-10-17,2022-10-23,159,KAZ,707180
2022-10-17,2022-10-23,167,AZE,26526
2022-10-17,2022-10-23,168,ARM,50803
2022-10-17,2022-10-23,169,GEO,69844
2022-10-17,2022-10-23,171,UZB,117217
2022-10-17,2022-10-23,179,EST,9732
2022-10-17,2022-10-23,180,SRB,11611
2022-10-17,2022-10-23,181,ISR,28282
2022-10-17,2022-10-23,204,ESP,20374
2022-10-17,2022-10-23,205,ITA,13571
2022-10-17,2022-10-23,206,LVA,3209
2022-10-17,2022-10-23,207,KGZ,74058
2022-10-17,2022-10-23,209,TJK,46168
2022-10-17,2022-10-23,210,ARE,25931
2022-10-17,2022-10-23,211,AUS,1034
2022-10-17,2022-10-23,246,GRC,4075
2022-10-17,2022-10-23,983,TUR,195801
2022-10-17,2022-10-23,994,IND,5146
2022-10-17,2022-10-23,995,THA,17367
2022-10-17,2022-10-23,1056,EGY,12879
2022-10-17,2022-10-23,10074,PRT,2545
2022-10-17,2022-10-23,10077,ROU,1870
2022-10-17,2022-10-23,10083,HRV,1167
2022-10-17,2022-10-23,20574,CYP,10967
2022-10-17,2022-10-23,21610,MNE,9136
2022-10-24,2022-10-30,84,USA,33301
2022-10-24,2022-10-30,95,CAN,4478
2022-10-24,2022-10-30,96,DEU,70113
2022-10-24,2022-10-30,102,GBR,23391
2022-10-24,2022-10-30,113,AUT,4087
2022-10-24,2022-10-30,114,BEL,4349
2022-10-24,2022-10-30,115,BGR,9531
2022-10-24,2022-10-30,116,HUN,3224
2022-10-24,2022-10-30,117,LTU,8082
2022-10-24,2022-10-30,118,NLD,21575
2022-10-24,2022-10-30,119,NOR,2872
2022-10-24,2022-10-30,120,POL,23790
2022-10-24,2022-10-30,121,SVK,1804
2022-10-24,2022-10-30,122,SVN,816
2022-10-24,2022-10-30,123,FIN,16299
2022-10-24,2022-10-30,124,FRA,21632
2022-10-24,2022-10-30,125,CZE,19539
2022-10-24,2022-10-30,126,CHE,3305
2022-10-24,2022-10-30,127,SWE,11564
2022-10-24,2022-10-30,159,KAZ,644999
2022-10-24,2022-10-30,167,AZE,26374
2022-10-24,2022-10-30,168,ARM,46645
2022-10-24,2022-10-30,169,GEO,62168
2022-10-24,2022-10-30,171,UZB,118692
2022-10-24,2022-10-30,179,EST,9732
2022-10-24,2022-10-30,180,SRB,12027
2022-10-24,2022-10-30,181,ISR,29136
2022-10-24,2022-10-30,204,ESP,21020
2022-10-24,2022-10-30,205,ITA,12503
2022-10-24,2022-10-30,206,LVA,3776
2022-10-24,2022-10-30,207,KGZ,70463
2022-10-24,2022-10-30,209,TJK,44862
2022-10-24,2022-10-30,210,ARE,24048
2022-10-24,2022-10-30,211,AUS,1229
2022-10-24,2022-10-30,246,GRC,3570
2022-10-24,2022-10-30,983,TUR,180506
2022-10-24,2022-10-30,994,IND,4986
2022-10-24,2022-10-30,995,THA,18105
2022-10-24,2022-10-30,1056,EGY,12836
2022-10-24,2022-10-30,10074,PRT,2220
2022-10-24,2022-10-30,10077,ROU,1856
2022-10-24,2022-10-30,10083,HRV,999
2022-10-24,2022-10-30,20574,CYP,11130
2022-10-24,2022-10-30,21610,MNE,8852
2022-10-31,2022-11-06,84,USA,35098
2022-10-31,2022-11-06,95,CAN,4450
2022-10-31,2022-11-06,96,DEU,74495
2022-10-31,2022-11-06,102,GBR,22528
2022-10-31,2022-11-06,113,AUT,4408
2022-10-31,2022-11-06,114,BEL,4595
2022-10-31,2022-11-06,115,BGR,9648
2022-10-31,2022-11-06,116,HUN,2778
2022-10-31,2022-11-06,117,LTU,8314
2022-10-31,2022-11-06,118,NLD,22617
2022-10-31,2022-11-06,119,NOR,2711
2022-10-31,2022-11-06,120,POL,24798
2022-10-31,2022-11-06,121,SVK,2087
2022-10-31,2022-11-06,122,SVN,892
2022-10-31,2022-11-06,123,FIN,17174
2022-10-31,2022-11-06,124,FRA,21870
2022-10-31,2022-11-06,125,CZE,15408
2022-10-31,2022-11-06,126,CHE,3690
2022-10-31,2022-11-06,127,SWE,12080
2022-10-31,2022-11-06,159,KAZ,704828
2022-10-31,2022-11-06,167,AZE,27358
2022-10-31,2022-11-06,168,ARM,47109
2022-10-31,2022-11-06,169,GEO,64250
2022-10-31,2022-11-06,171,UZB,123824
2022-10-31,2022-11-06,179,EST,9206
2022-10-31,2022-11-06,180,SRB,12852
2022-10-31,2022-11-06,181,ISR,31268
2022-10-31,2022-11-06,204,ESP,19864
2022-10-31,2022-11-06,205,ITA,13144
2022-10-31,2022-11-06,206,LVA,3583
2022-10-31,2022-11-06,207,KGZ,76517
2022-10-31,2022-11-06,209,TJK,49958
2022-10-31,2022-11-06,210,ARE,26534
2022-10-31,2022-11-06,211,AUS,1162
2022-10-31,2022-11-06,246,GRC,3940
2022-10-31,2022-11-06,983,TUR,173740
2022-10-31,2022-11-06,994,IND,5834
2022-10-31,2022-11-06,995,THA,22025
2022-10-31,2022-11-06,1056,EGY,12385
2022-10-31,2022-11-06,10074,PRT,2473
2022-10-31,2022-11-06,10077,ROU,1904
2022-10-31,2022-11-06,10083,HRV,995
2022-10-31,2022-11-06,20574,CYP,12662
2022-10-31,2022-11-06,21610,MNE,9931
2022-11-07,2022-11-13,84,USA,33610
2022-11-07,2022-11-13,95,CAN,4583
2022-11-07,2022-11-13,96,DEU,73921
2022-11-07,2022-11-13,102,GBR,22051
2022-11-07,2022-11-13,113,AUT,3882
2022-11-07,2022-11-13,114,BEL,4118
2022-11-07,2022-11-13,115,BGR,8595
2022-11-07,2022-11-13,116,HUN,2579
2022-11-07,2022-11-13,117,LTU,7910
2022-11-07,2022-11-13,118,NLD,22278
2022-11-07,2022-11-13,119,NOR,2675
2022-11-07,2022-11-13,120,POL,24323
2022-11-07,2022-11-13,121,SVK,1712
2022-11-07,2022-11-13,122,SVN,882
2022-11-07,2022-11-13,123,FIN,16597
2022-11-07,2022-11-13,124,FRA,20393
2022-11-07,2022-11-13,125,CZE,17016
2022-11-07,2022-11-13,126,CHE,3674
2022-11-07,2022-11-13,127,SWE,11791
2022-11-07,2022-11-13,159,KAZ,658212
2022-11-07,2022-11-13,167,AZE,24941
2022-11-07,2022-11-13,168,ARM,42800
2022-11-07,2022-11-13,169,GEO,56597
2022-11-07,2022-11-13,171,UZB,110095
2022-11-07,2022-11-13,179,EST,8765
2022-11-07,2022-11-13,180,SRB,12417
2022-11-07,2022-11-13,181,ISR,30167
2022-11-07,2022-11-13,204,ESP,17719
2022-11-07,2022-11-13,205,ITA,11833
2022-11-07,2022-11-13,206,LVA,3716
2022-11-07,2022-11-13,207,KGZ,65164
2022-11-07,2022-11-13,209,TJK,46162
2022-11-07,2022-11-13,210,ARE,24813
2022-11-07,2022-11-13,211,AUS,1031
2022-11-07,2022-11-13,246,GRC,3228
2022-11-07,2022-11-13,983,TUR,153317
2022-11-07,2022-11-13,994,IND,6116
2022-11-07,2022-11-13,995,THA,24424
2022-11-07,2022-11-13,1056,EGY,12135
2022-11-07,2022-11-13,10074,PRT,2652
2022-11-07,2022-11-13,10077,ROU,1745
2022-11-07,2022-11-13,10083,HRV,886
2022-11-07,2022-11-13,20574,CYP,10377
2022-11-07,2022-11-13,21610,MNE,9002
2022-11-14,2022-11-20,84,USA,36770
2022-11-14,2022-11-20,95,CAN,4792
2022-11-14,2022-11-20,96,DEU,77021
2022-11-14,2022-11-20,102,GBR,23493
2022-11-14,2022-11-20,113,AUT,4448
2022-11-14,2022-11-20,114,BEL,4404
2022-11-14,2022-11-20,115,BGR,8726
2022-11-14,2022-11-20,116,HUN,2893
2022-11-14,2022-11-20,117,LTU,8062
2022-11-14,2022-11-20,118,NLD,24051
2022-11-14,2022-11-20,119,NOR,2590
2022-11-14,2022-11-20,120,POL,24002
2022-11-14,2022-11-20,121,SVK,1820
2022-11-14,2022-11-20,122,SVN,752
2022-11-14,2022-11-20,123,FIN,16575
2022-11-14,2022-11-20,124,FRA,21471
2022-11-14,2022-11-20,125,CZE,17439
2022-11-14,2022-11-20,126,CHE,3853
2022-11-14,2022-11-20,127,SWE,12859
2022-11-14,2022-11-20,159,KAZ,691708
2022-11-14,2022-11-20,167,AZE,24290
2022-11-14,2022-11-20,168,ARM,42610
2022-11-14,2022-11-20,169,GEO,54608
2022-11-14,2022-11-20,171,UZB,112890
2022-11-14,2022-11-20,179,EST,8936
2022-11-14,2022-11-20,180,SRB,13330
2022-11-14,2022-11-20,181,ISR,30102
2022-11-14,2022-11-20,204,ESP,18583
2022-11-14,2022-11-20,205,ITA,12806
2022-11-14,2022-11-20,206,LVA,3779
2022-11-14,2022-11-20,207,KGZ,68817
2022-11-14,2022-11-20,209,TJK,46973
2022-11-14,2022-11-20,210,ARE,26264
2022-11-14,2022-11-20,211,AUS,1061
2022-11-14,2022-11-20,246,GRC,3198
2022-11-14,2022-11-20,983,TUR,144771
2022-11-14,2022-11-20,994,IND,6830
2022-11-14,2022-11-20,995,THA,32319
2022-11-14,2022-11-20,1056,EGY,13422
2022-11-14,2022-11-20,10074,PRT,2672
2022-11-14,2022-11-20,10077,ROU,1813
2022-11-14,2022-11-20,10083,HRV,868
2022-11-14,2022-11-20,20574,CYP,10467
2022-11-14,2022-11-20,21610,MNE,10029
2022-11-21,2022-11-27,84,USA,34452
2022-11-21,2022-11-27,95,CAN,4421
2022-11-21,2022-11-27,96,DEU,74250
2022-11-21,2022-11-27,102,GBR,23097
2022-11-21,2022-11-27,113,AUT,4385
2022-11-21,2022-11-27,114,BEL,4400
2022-11-21,2022-11-27,115,BGR,8592
2022-11-21,2022-11-27,116,HUN,2243
2022-11-21,2022-11-27,117,LTU,8150
2022-11-21,2022-11-27,118,NLD,22977
2022-11-21,2022-11-27,119,NOR,2394
2022-11-21,2022-11-27,120,POL,23871
2022-11-21,2022-11-27,121,SVK,1793
2022-11-21,2022-11-27,122,SVN,588
2022-11-21,2022-11-27,123,FIN,16979
2022-11-21,2022-11-27,124,FRA,20591
2022-11-21,2022-11-27,125,CZE,18213
2022-11-21,2022-11-27,126,CHE,3728
2022-11-21,2022-11-27,127,SWE,12600
2022-11-21,2022-11-27,159,KAZ,684644
2022-11-21,2022-11-27,167,AZE,23377
2022-11-21,2022-11-27,168,ARM,41192
2022-11-21,2022-11-27,169,GEO,50627
2022-11-21,2022-11-27,171,UZB,111404
2022-11-21,2022-11-27,179,EST,8780
2022-11-21,2022-11-27,180,SRB,12282
2022-11-21,2022-11-27,181,ISR,29851
2022-11-21,2022-11-27,204,ESP,16966
2022-11-21,2022-11-27,205,ITA,11854
2022-11-21,2022-11-27,206,LVA,3658
2022-11-21,2022-11-27,207,KGZ,67803
2022-11-21,2022-11-27,209,TJK,43756
2022-11-21,2022-11-27,210,ARE,24719
2022-11-21,2022-11-27,211,AUS,1072
2022-11-21,2022-11-27,246,GRC,3072
2022-11-21,2022-11-27,983,TUR,121704
2022-11-21,2022-11-27,994,IND,7263
2022-11-21,2022-11-27,995,THA,32717
2022-11-21,2022-11-27,1056,EGY,13553
2022-11-21,2022-11-27,10074,PRT,2307
2022-11-21,2022-11-27,10077,ROU,1712
2022-11-21,2022-11-27,10083,HRV,774
2022-11-21,2022-11-27,20574,CYP,10160
2022-11-21,2022-11-27,21610,MNE,9063
2022-11-28,2022-12-04,84,USA,34345
2022-11-28,2022-12-04,95,CAN,4581
2022-11-28,2022-12-04,96,DEU,71540
2022-11-28,2022-12-04,102,GBR,25404
2022-11-28,2022-12-04,113,AUT,4718
2022-11-28,2022-12-04,114,BEL,4075
2022-11-28,2022-12-04,115,BGR,8159
2022-11-28,2022-12-04,116,HUN,2329
2022-11-28,2022-12-04,117,LTU,7822
2022-11-28,2022-12-04,118,NLD,23365
2022-11-28,2022-12-04,119,NOR,2363
2022-11-28,2022-12-04,120,POL,22744
2022-11-28,2022-12-04,121,SVK,1822
2022-11-28,2022-12-04,122,SVN,681
2022-11-28,2022-12-04,123,FIN,16004
2022-11-28,2022-12-04,124,FRA,19925
2022-11-28,2022-12-04,125,CZE,16100
2022-11-28,2022-12-04,126,CHE,3685
2022-11-28,2022-12-04,127,SWE,12167
2022-11-28,2022-12-04,159,KAZ,681644
2022-11-28,2022-12-04,167,AZE,22930
2022-11-28,2022-12-04,168,ARM,39518
2022-11-28,2022-12-04,169,GEO,47045
2022-11-28,2022-12-04,171,UZB,108894
2022-11-28,2022-12-04,179,EST,8458
2022-11-28,2022-12-04,180,SRB,12517
2022-11-28,2022-12-04,181,ISR,27746
2022-11-28,2022-12-04,204,ESP,16232
2022-11-28,2022-12-04,205,ITA,11173
2022-11-28,2022-12-04,206,LVA,3574
2022-11-28,2022-12-04,207,KGZ,73587
2022-11-28,2022-12-04,209,TJK,46457
2022-11-28,2022-12-04,210,ARE,23289
2022-11-28,2022-12-04,211,AUS,1105
2022-11-28,2022-12-04,246,GRC,3145
2022-11-28,2022-12-04,983,TUR,103653
2022-11-28,2022-12-04,994,IND,7349
2022-11-28,2022-12-04,995,THA,37395
2022-11-28,2022-12-04,1056,EGY,14245
2022-11-28,2022-12-04,10074,PRT,2367
2022-11-28,2022-12-04,10077,ROU,1781
2022-11-28,2022-12-04,10083,HRV,711
2022-11-28,2022-12-04,20574,CYP,9440
2022-11-28,2022-12-04,21610,MNE,8712
2022-12-05,2022-12-11,84,USA,36045
2022-12-05,2022-12-11,95,CAN,4228
2022-12-05,2022-12-11,96,DEU,70309
2022-12-05,2022-12-11,102,GBR,24631
2022-12-05,2022-12-11,113,AUT,4280
2022-12-05,2022-12-11,114,BEL,3921
2022-12-05,2022-12-11,115,BGR,7385
2022-12-05,2022-12-11,116,HUN,2257
2022-12-05,2022-12-11,117,LTU,7763
2022-12-05,2022-12-11,118,NLD,22146
2022-12-05,2022-12-11,119,NOR,2402
2022-12-05,2022-12-11,120,POL,22488
2022-12-05,2022-12-11,121,SVK,1735
2022-12-05,2022-12-11,122,SVN,620
2022-12-05,2022-12-11,123,FIN,11582
2022-12-05,2022-12-11,124,FRA,20031
2022-12-05,2022-12-11,125,CZE,15220
2022-12-05,2022-12-11,126,CHE,3311
2022-12-05,2022-12-11,127,SWE,11609
2022-12-05,2022-12-11,159,KAZ,683167
2022-12-05,2022-12-11,167,AZE,22339
2022-12-05,2022-12-11,168,ARM,37801
2022-12-05,2022-12-11,169,GEO,46239
2022-12-05,2022-12-11,171,UZB,109993
2022-12-05,2022-12-11,179,EST,7873
2022-12-05,2022-12-11,180,SRB,11844
2022-12-05,2022-12-11,181,ISR,27660
2022-12-05,2022-12-11,204,ESP,15935
2022-12-05,2022-12-11,205,ITA,11276
2022-12-05,2022-12-11,206,LVA,3564
2022-12-05,2022-12-11,207,KGZ,66338
2022-12-05,2022-12-11,209,TJK,48944
2022-12-05,2022-12-11,210,ARE,24641
2022-12-05,2022-12-11,211,AUS,1267
2022-12-05,2022-12-11,246,GRC,2713
2022-12-05,2022-12-11,983,TUR,97055
2022-12-05,2022-12-11,994,IND,7667
2022-12-05,2022-12-11,995,THA,41187
2022-12-05,2022-12-11,1056,EGY,14188
2022-12-05,2022-12-11,10074,PRT,2520
2022-12-05,2022-12-11,10077,ROU,1598
2022-12-05,2022-12-11,10083,HRV,690
2022-12-05,2022-12-11,20574,CYP,9237
2022-12-05,2022-12-11,21610,MNE,8518
2022-12-12,2022-12-18,84,USA,40331
2022-12-12,2022-12-18,95,CAN,4257
2022-12-12,2022-12-18,96,DEU,68193
2022-12-12,2022-12-18,102,GBR,23339
2022-12-12,2022-12-18,113,AUT,3326
2022-12-12,2022-12-18,114,BEL,3731
2022-12-12,2022-12-18,115,BGR,6934
2022-12-12,2022-12-18,116,HUN,2237
2022-12-12,2022-12-18,117,LTU,7287
2022-12-12,2022-12-18,118,NLD,19964
2022-12-12,2022-12-18,119,NOR,2134
2022-12-12,2022-12-18,120,POL,22402
2022-12-12,2022-12-18,121,SVK,1678
2022-12-12,2022-12-18,122,SVN,564
2022-12-12,2022-12-18,123,FIN,10983
2022-12-12,2022-12-18,124,FRA,19140
2022-12-12,2022-12-18,125,CZE,16656
2022-12-12,2022-12-18,126,CHE,3249
2022-12-12,2022-12-18,127,SWE,11468
2022-12-12,2022-12-18,159,KAZ,638030
2022-12-12,2022-12-18,167,AZE,21695
2022-12-12,2022-12-18,168,ARM,36986
2022-12-12,2022-12-18,169,GEO,44605
2022-12-12,2022-12-18,171,UZB,109320
2022-12-12,2022-12-18,179,EST,6969
2022-12-12,2022-12-18,180,SRB,11520
2022-12-12,2022-12-18,181,ISR,26630
2022-12-12,2022-12-18,204,ESP,15008
2022-12-12,2022-12-18,205,ITA,10335
2022-12-12,2022-12-18,206,LVA,2969
2022-12-12,2022-12-18,207,KGZ,65580
2022-12-12,2022-12-18,209,TJK,48063
2022-12-12,2022-12-18,210,ARE,25259
2022-12-12,2022-12-18,211,AUS,1214
2022-12-12,2022-12-18,246,GRC,2678
2022-12-12,2022-12-18,983,TUR,90342
2022-12-12,2022-12-18,994,IND,7230
2022-12-12,2022-12-18,995,THA,45303
2022-12-12,2022-12-18,1056,EGY,20627
2022-12-12,2022-12-18,10074,PRT,2219
2022-12-12,2022-12-18,10077,ROU,1785
2022-12-12,2022-12-18,10083,HRV,676
2022-12-12,2022-12-18,20574,CYP,8729
2022-12-12,2022-12-18,21610,MNE,9757
